family,n,p,load,giant_fraction,component_fraction,susceptibility,spanning_probability,relief_exhaustion,agreement,terrynce_score,terrynce_gradient,giant_gradient
square_bond,16,0.35,0.35,0.11181640625,0.362060546875,6.384199397251075,0.0,0.637939453125,0.712060546875,0.15898803055286406,nan,nan
square_bond,16,0.36,0.36,0.114501953125,0.34521484375,6.573739609109169,0.0,0.65478515625,0.70521484375,0.1662351161956787,0.7298900386691101,0.8300781249999992
square_bond,16,0.37,0.37,0.12841796875,0.3236083984375,7.267744901602582,0.03125,0.6763916015625,0.6936083984375,0.17358583132624628,0.734036753773689,2.282714843749998
square_bond,16,0.38,0.38,0.16015625,0.3123779296875,8.02158859905331,0.03125,0.6876220703125,0.6923779296875,0.1809158512711525,0.739348875582218,2.0507812499999982
square_bond,16,0.39,0.39,0.16943359375,0.30078125,8.383146642014884,0.03125,0.69921875,0.69078125,0.18837280883789065,0.7459356349706646,1.141357421874999
square_bond,16,0.4,0.4,0.1829833984375,0.2796630859375,9.787160914747476,0.03125,0.7203369140625,0.6796630859375,0.1958345639705658,0.7523875415325135,0.9826660156250019
square_bond,16,0.41,0.41,0.1890869140625,0.265380859375,9.540835828899592,0.0625,0.734619140625,0.6753808593749999,0.2034205596685409,0.7759425634145724,0.8728027343750017
square_bond,16,0.42,0.42,0.200439453125,0.2603759765625,10.337155412488562,0.03125,0.7396240234375,0.6803759765624999,0.21135341523885723,0.7662651693820959,3.1372070312499973
square_bond,16,0.43,0.43,0.2518310546875,0.23486328125,12.237481201493342,0.1875,0.76513671875,0.6648632812499999,0.21874586305618282,0.7067011636495598,5.047607421874996
square_bond,16,0.44,0.44,0.3013916015625,0.2030029296875,15.151910428444195,0.375,0.7969970703125,0.6430029296875,0.22548743851184844,0.8155845594406123,-0.3051757812499997
square_bond,16,0.45,0.45,0.2457275390625,0.2177734375,15.951983153477261,0.15625,0.7822265625,0.6677734375,0.23505755424499508,0.8548663580417635,3.308105468749997
square_bond,16,0.46,0.46,0.3675537109375,0.195556640625,12.498668818288849,0.40625,0.804443359375,0.655556640625,0.24258476567268372,0.7669380167126664,4.473876953125009
square_bond,16,0.47,0.47,0.335205078125,0.1785888671875,16.16745527525165,0.40625,0.8214111328125,0.6485888671875,0.2503963145792484,0.7995129227638247,-0.04882812500000009
square_bond,16,0.48,0.48,0.3665771484375,0.1656494140625,17.95242218505205,0.5625,0.8343505859375,0.6456494140625,0.2585750241279602,0.8051612111926114,5.218505859374996
square_bond,16,0.49,0.49,0.4395751953125,0.1494140625,17.135426151430572,0.625,0.8505859375,0.6394140625,0.2664995388031006,0.8740122407674792,5.169677734374996
square_bond,16,0.5,0.5,0.469970703125,0.1480712890625,17.147038771563327,0.65625,0.8519287109375,0.6480712890625,0.2760552689433098,0.9001076617836937,4.992675781249996
square_bond,16,0.51,0.51,0.5394287109375,0.1346435546875,17.400904838133926,0.84375,0.8653564453125,0.6446435546875,0.2845016920387745,0.8312092965841281,6.829833984374994
square_bond,16,0.52,0.52,0.6065673828125,0.1185302734375,14.105582851364224,0.84375,0.8814697265625,0.6385302734375,0.29267945487499236,0.8708343881368616,3.503417968749997
square_bond,16,0.53,0.53,0.6094970703125,0.1102294921875,15.871950504624495,0.78125,0.8897705078125,0.6402294921875,0.30191837980151176,0.9348368114233028,4.504394531249996
square_bond,16,0.54,0.54,0.6966552734375,0.1024169921875,13.370383709650504,0.90625,0.8975830078125,0.6424169921875,0.31137619110345843,0.9107201999425905,6.768798828124994
square_bond,16,0.55,0.55,0.744873046875,0.0887451171875,13.985600168394186,1.0,0.9112548828125,0.6387451171875,0.3201327838003636,0.9902711123228094,2.441406249999998
square_bond,16,0.56,0.56,0.7454833984375,0.089599609375,11.301996126002628,0.96875,0.910400390625,0.649599609375,0.33118161334991464,1.0453764957189546,2.557373046875012
square_bond,16,0.57,0.57,0.7960205078125,0.0811767578125,8.467867624733007,0.96875,0.9188232421875,0.6511767578125,0.3410403137147426,0.9759302687644956,4.37622070312502
square_bond,16,0.58,0.58,0.8330078125,0.070556640625,7.294121122204605,1.0,0.929443359375,0.650556640625,0.35070021872520446,1.0180655863881134,1.190185546874999
square_bond,16,0.59,0.59,0.81982421875,0.0654296875,14.454772420454187,1.0,0.9345703125,0.6554296875,0.36140162544250487,1.0547156310081454,2.716064453124998
square_bond,16,0.6,0.6,0.8873291015625,0.057373046875,4.971507496736175,1.0,0.942626953125,0.657373046875,0.3717945313453674,1.103575952947138,3.0395507812499973
square_bond,16,0.61,0.61,0.880615234375,0.0557861328125,5.8342478126412205,1.0,0.9442138671875,0.6657861328125,0.38347314450144765,1.1631964278221125,0.5859374999999994
square_bond,16,0.62,0.62,0.8990478515625,0.052490234375,4.831082138174854,1.0,0.947509765625,0.672490234375,0.39505845990180966,1.1270244660973556,1.8798828124999982
square_bond,16,0.63,0.63,0.918212890625,0.04443359375,4.176021227420069,1.0,0.95556640625,0.67443359375,0.4060136338233948,1.1435704588890083,1.5808105468749987
square_bond,16,0.64,0.64,0.9306640625,0.040771484375,3.8394346987156625,1.0,0.959228515625,0.680771484375,0.41792986907958984,1.1906920564174628,1.0253906249999991
square_bond,16,0.65,0.65,0.938720703125,0.035888671875,3.5005038224411704,1.0,0.964111328125,0.685888671875,0.42982747495174406,1.2130343985557557,0.9521484374999991
square_bond,16,0.66,0.66,0.94970703125,0.032470703125,3.4494513740976007,1.0,0.967529296875,0.692470703125,0.442190557050705,1.2531814444065137,0.5371093749999996
square_bond,16,0.67,0.67,0.949462890625,0.02978515625,4.194480866355867,1.0,0.97021484375,0.69978515625,0.45489110383987436,1.2814493477344495,0.3295898437499997
square_bond,16,0.68,0.68,0.956298828125,0.0272216796875,3.2657770169328386,1.0,0.9727783203125,0.7072216796875,0.467819544005394,1.277664864957329,1.0009765625000047
square_bond,16,0.69,0.69,0.969482421875,0.0218505859375,2.5589523361602167,1.0,0.9781494140625,0.7118505859375,0.4804444011390208,1.3487929737567912,0.5371093750000026
square_bond,16,0.7,0.7,0.967041015625,0.02490234375,2.1467376373626372,1.0,0.97509765625,0.72490234375,0.4947954034805297,1.3757359451055566,0.1342773437499999
square_bond,16,0.71,0.71,0.97216796875,0.0201416015625,2.3047720988162164,1.0,0.9798583984375,0.7301416015625,0.507959120041132,1.3441395759582546,0.7629394531249993
square_bond,16,0.72,0.72,0.9822998046875,0.017333984375,1.531037447030094,1.0,0.982666015625,0.737333984375,0.5216781949996948,1.4005925628542901,0.49438476562499956
square_bond,16,0.73,0.73,0.9820556640625,0.0166015625,1.6032242063492064,1.0,0.9833984375,0.7466015625,0.5359709712982178,1.4363358229398757,0.07324218749999993
square_bond,16,0.74,0.74,0.9837646484375,0.0155029296875,1.6299242424242424,1.0,0.9844970703125,0.7555029296875,0.5504049114584924,1.4425055900216075,0.2746582031249998
square_bond,16,0.75,0.75,0.987548828125,0.0130615234375,1.4875,1.0,0.9869384765625,0.7630615234375,0.56482108309865,nan,nan
square_bond,24,0.35,0.35,0.07774522569444445,0.3443467881944444,7.995773334512397,0.0,0.6556532118055556,0.6943467881944444,0.15933774562529573,nan,nan
square_bond,24,0.36,0.36,0.08116319444444445,0.3348524305555556,8.482157354475884,0.0,0.6651475694444444,0.6948524305555556,0.16638458591037325,0.7134923034832812,0.027126736111111164
square_bond,24,0.37,0.37,0.07828776041666667,0.3110894097222222,10.354750879707701,0.0,0.6889105902777778,0.6810894097222222,0.17360759169496137,0.7235049984778884,0.4069010416666661
square_bond,24,0.38,0.38,0.08930121527777778,0.2970920138888889,10.797681658322873,0.0,0.7029079861111112,0.6770920138888888,0.18085468587993103,0.7306753252759376,1.0877821180555542
square_bond,24,0.39,0.39,0.10004340277777778,0.2848307291666667,11.299072621240683,0.0,0.7151692708333333,0.6748307291666668,0.18822109820048014,0.7370779889895589,1.3861762152777763
square_bond,24,0.4,0.4,0.11702473958333333,0.2682291666666667,13.081004296351294,0.0,0.7317708333333333,0.6682291666666668,0.19559624565972222,0.7423265199896737,1.4567057291666692
square_bond,24,0.41,0.41,0.1291775173611111,0.2533094618055556,14.908158832282423,0.0,0.7466905381944444,0.6633094618055555,0.20306762860027358,0.7448112939905258,1.9504123263888924
square_bond,24,0.42,0.42,0.1560329861111111,0.2358940972222222,17.209772459275495,0.0,0.7641059027777778,0.6558940972222222,0.2104924715395327,0.7415713217229011,1.5977647569444433
square_bond,24,0.43,0.43,0.1611328125,0.2180447048611111,18.453780936496017,0.03125,0.7819552951388888,0.6480447048611111,0.21789905503473161,0.7501615792733639,2.9079861111111094
square_bond,24,0.44,0.44,0.21419270833333334,0.203125,22.71595025227263,0.09375,0.796875,0.643125,0.225495703125,0.7511308151409956,4.139539930555552
square_bond,24,0.45,0.45,0.2439236111111111,0.18543836805555555,25.49213238108601,0.28125,0.8145616319444444,0.6354383680555555,0.23292167133755154,0.7670215702056886,3.9388020833333295
square_bond,24,0.46,0.46,0.29296875,0.17333984375,26.800868198449553,0.28125,0.82666015625,0.63333984375,0.2408361345291138,0.8025161067350421,3.9198133680555625
square_bond,24,0.47,0.47,0.3223198784722222,0.1625434027777778,26.20872044144038,0.40625,0.8374565972222222,0.6325434027777778,0.24897199347225235,0.771515925725301,3.6295572916666727
square_bond,24,0.48,0.48,0.3655598958333333,0.14290364583333334,36.00623117074836,0.53125,0.8570963541666666,0.6229036458333334,0.2562664530436198,0.8484716405397572,4.161241319444441
square_bond,24,0.49,0.49,0.4055447048611111,0.14415147569444445,31.21211070217004,0.5625,0.8558485243055556,0.6341514756944444,0.2659414262830475,0.8981828138563372,3.4152560763888866
square_bond,24,0.5,0.5,0.4338650173611111,0.13151041666666666,38.91023931314974,0.5625,0.8684895833333334,0.6315104166666666,0.27423010932074654,0.8251740405000283,4.044596354166665
square_bond,24,0.51,0.51,0.4864366319444445,0.11767578125,40.01068654093622,0.8125,0.88232421875,0.62767578125,0.2824449070930481,0.8233058976538385,10.167100694444436
square_bond,24,0.52,0.52,0.63720703125,0.1037326388888889,27.843267095547255,0.9375,0.8962673611111112,0.6237326388888889,0.2906962272738233,0.8570945060400312,6.252712673611102
square_bond,24,0.53,0.53,0.6114908854166666,0.09369574652777778,37.37020720850447,0.875,0.9063042534722222,0.6236957465277778,0.29958679721384873,0.9232141490041471,2.658420138888887
square_bond,24,0.54,0.54,0.6903754340277778,0.08723958333333333,29.749435983783474,0.96875,0.9127604166666666,0.6272395833333334,0.3091605102539063,0.9817025729167613,5.997721354166663
square_bond,24,0.55,0.55,0.7314453125,0.0827907986111111,23.07718884762101,1.0,0.9172092013888888,0.6327907986111112,0.319220848672184,0.9484316719902899,4.961480034722217
square_bond,24,0.56,0.56,0.7896050347222222,0.07014973958333333,21.843499047088642,0.96875,0.9298502604166666,0.6301497395833334,0.3281291436937121,0.9857971977893222,4.00933159722224
square_bond,24,0.57,0.57,0.8116319444444444,0.06803385416666667,17.740523564778986,1.0,0.9319661458333334,0.6380338541666666,0.33893679262797033,1.038091243225852,3.3338758680555736
square_bond,24,0.58,0.58,0.8562825520833334,0.05978732638888889,12.764093665763347,1.0,0.9402126736111112,0.6397873263888888,0.34889096855822904,0.9948051712248043,3.795030381944444
square_bond,24,0.59,0.59,0.8875325520833334,0.050618489583333336,9.002406360574085,1.0,0.9493815104166666,0.6406184895833333,0.35883289605246643,1.1005150677245326,1.3997395833333302
square_bond,24,0.6,0.6,0.88427734375,0.05224609375,7.250693379483735,1.0,0.94775390625,0.65224609375,0.3709012699127197,1.1171492752616798,1.9694010416666612
square_bond,24,0.61,0.61,0.9269205729166666,0.04286024305555555,3.9410289179382705,1.0,0.9571397569444444,0.6528602430555556,0.38117588155770005,1.1253555541568305,1.9639756944444402
square_bond,24,0.62,0.62,0.9235568576388888,0.043131510416666664,4.151147205164174,1.0,0.9568684895833334,0.6631315104166666,0.39340838099585634,1.1646807727695985,0.632052951388889
square_bond,24,0.63,0.63,0.9395616319444444,0.035970052083333336,3.7764721793508773,1.0,0.9640299479166666,0.6659700520833334,0.40446949701309204,1.1629056029849612,0.7921006944444469
square_bond,24,0.64,0.64,0.9393988715277778,0.033854166666666664,4.962004769900023,1.0,0.9661458333333334,0.6738541666666666,0.4166664930555556,1.2293049427903757,0.3797743055555577
square_bond,24,0.65,0.65,0.9471571180555556,0.031684027777777776,3.744255632262554,1.0,0.9683159722222222,0.6816840277777778,0.4290555958688996,1.21699866860001,1.1854383680555514
square_bond,24,0.66,0.66,0.9631076388888888,0.026095920138888888,2.2894974305793876,1.0,0.9739040798611112,0.6860959201388889,0.4410064664275558,1.237029976550443,0.9168836805555517
square_bond,24,0.67,0.67,0.9654947916666666,0.023871527777777776,2.536236008128187,1.0,0.9761284722222222,0.6938715277777778,0.45379619539990845,1.2851754279195537,0.4096137152777786
square_bond,24,0.68,0.68,0.9712999131944444,0.021213107638888888,2.4985897030913815,1.0,0.9787868923611112,0.7012131076388889,0.4667099749859469,1.2914988244610048,0.6700303819444506
square_bond,24,0.69,0.69,0.9788953993055556,0.017469618055555556,1.8937899210030595,1.0,0.9825303819444444,0.7074696180555555,0.4796261718891284,1.3169531897556659,0.4828559027777813
square_bond,24,0.7,0.7,0.98095703125,0.015299479166666666,1.90882007596162,1.0,0.9847005208333334,0.7152994791666666,0.4930490387810601,1.3708898186389333,0.10579427083333139
square_bond,24,0.71,0.71,0.9810112847222222,0.015082465277777778,2.08885829665681,1.0,0.9849175347222222,0.7250824652777778,0.5070439682619071,1.411877856784398,-0.010850694444441967
square_bond,24,0.72,0.72,0.9807400173611112,0.01513671875,2.113815677786266,1.0,0.98486328125,0.73513671875,0.5212865959167481,1.4057159491527236,0.18174913194444736
square_bond,24,0.73,0.73,0.9846462673611112,0.011990017361111112,2.061688252354371,1.0,0.9880099826388888,0.7419900173611111,0.5351582872449616,1.4051210624788966,0.39876302083333115
square_bond,24,0.74,0.74,0.9887152777777778,0.009657118055555556,1.8979777167277168,1.0,0.9903428819444444,0.7496571180555556,0.549389017166326,1.4508331438935804,0.24685329861111027
square_bond,24,0.75,0.75,0.9895833333333334,0.00927734375,1.662740904928405,1.0,0.99072265625,0.75927734375,0.5641749501228333,nan,nan
square_bond,32,0.35,0.35,0.045928955078125,0.33514404296875,9.038806095444953,0.0,0.66485595703125,0.68514404296875,0.15943273443728684,nan,nan
square_bond,32,0.36,0.36,0.0535888671875,0.3245849609375,9.529084485363107,0.0,0.6754150390625,0.6845849609375,0.16645643212795255,0.7076271001808334,0.5874633789062494
square_bond,32,0.37,0.37,0.05767822265625,0.306304931640625,11.354586825091397,0.0,0.693695068359375,0.676304931640625,0.17358527644090352,0.7093416302278646,0.7186889648437493
square_bond,32,0.38,0.38,0.067962646484375,0.283111572265625,12.810908175403153,0.0,0.716888427734375,0.663111572265625,0.18064326473250986,0.7202603621408351,0.9933471679687491
square_bond,32,0.39,0.39,0.077545166015625,0.273406982421875,14.831055571947449,0.0,0.726593017578125,0.663406982421875,0.18799048368372023,0.7256810177490116,1.0650634765624991
square_bond,32,0.4,0.4,0.089263916015625,0.25408935546875,17.935495469563485,0.0,0.74591064453125,0.65408935546875,0.1951568850874901,0.736015067659318,0.8789062500000017
square_bond,32,0.41,0.41,0.095123291015625,0.243927001953125,17.9707998884079,0.0,0.756072998046875,0.6539270019531249,0.20271078503690657,0.7481580037996164,0.8148193359375016
square_bond,32,0.42,0.42,0.105560302734375,0.228240966796875,21.67033307018564,0.0,0.771759033203125,0.6482409667968749,0.2101200451634824,0.7435297356173384,1.7745971679687484
square_bond,32,0.43,0.43,0.130615234375,0.212738037109375,22.433937457250135,0.0,0.787261962890625,0.6427380371093749,0.21758137974925335,0.732019829936325,3.0593872070312473
square_bond,32,0.44,0.44,0.166748046875,0.19293212890625,30.880207356542638,0.0625,0.80706787109375,0.63293212890625,0.2247604417622089,0.7681879438273608,2.0050048828124982
square_bond,32,0.45,0.45,0.17071533203125,0.18572998046875,32.20646846330772,0.03125,0.81427001953125,0.63572998046875,0.23294513862580057,0.7890203136578212,1.8096923828124984
square_bond,32,0.46,0.46,0.20294189453125,0.170074462890625,38.701239202843574,0.125,0.829925537109375,0.630074462890625,0.24054084803536535,0.8061361252702793,2.8305053710937553
square_bond,32,0.47,0.47,0.227325439453125,0.163543701171875,40.68899613830008,0.25,0.836456298828125,0.633543701171875,0.24906786113120613,0.8067632403597246,4.440307617187508
square_bond,32,0.48,0.48,0.291748046875,0.1466064453125,44.99310360250868,0.34375,0.8533935546875,0.6266064453125,0.2566761128425598,0.766595410816371,8.941650390624993
square_bond,32,0.49,0.49,0.406158447265625,0.130767822265625,43.211981245659494,0.625,0.869232177734375,0.620767822265625,0.26439976934753356,0.8013882869482035,9.226989746093741
square_bond,32,0.5,0.5,0.476287841796875,0.1192626953125,53.65527218720923,0.8125,0.8807373046875,0.6192626953125,0.2727038785815239,0.8529096610285356,5.261230468749996
square_bond,32,0.51,0.51,0.511383056640625,0.11029052734375,49.120022808178284,0.8125,0.88970947265625,0.62029052734375,0.2814579625681043,0.8637013095617311,4.4830322265624964
square_bond,32,0.52,0.52,0.565948486328125,0.0987548828125,48.96424457601209,0.8125,0.9012451171875,0.6187548828125,0.28997790477275853,0.908674083575605,7.170104980468744
square_bond,32,0.53,0.53,0.65478515625,0.093994140625,43.11496991978673,0.9375,0.906005859375,0.623994140625,0.2996314442396164,0.9492840384319403,6.454467773437495
square_bond,32,0.54,0.54,0.695037841796875,0.085968017578125,33.69483678438533,0.90625,0.914031982421875,0.625968017578125,0.30896358554139736,0.9167142167873696,5.789184570312495
square_bond,32,0.55,0.55,0.77056884765625,0.074981689453125,30.70895629567488,1.0,0.925018310546875,0.624981689453125,0.3179657285753638,0.9403102853521713,6.089782714843745
square_bond,32,0.56,0.56,0.81683349609375,0.068023681640625,20.607927317567672,1.0,0.931976318359375,0.628023681640625,0.3277697912484408,0.9791223476454604,4.484558105468771
square_bond,32,0.57,0.57,0.860260009765625,0.059967041015625,11.817631184490335,1.0,0.940032958984375,0.629967041015625,0.33754817552827293,1.0199157216772439,2.0584106445312598
square_bond,32,0.58,0.58,0.858001708984375,0.055694580078125,20.468152173772033,1.0,0.944305419921875,0.635694580078125,0.3481681056819856,1.0427635344304123,2.1316528320312482
square_bond,32,0.59,0.59,0.90289306640625,0.04827880859375,7.707407968027261,1.0,0.95172119140625,0.63827880859375,0.3584034462168812,1.0475110330805188,2.7786254882812473
square_bond,32,0.6,0.6,0.91357421875,0.042510986328125,8.392894367626328,1.0,0.957489013671875,0.642510986328125,0.369118326343596,1.1259781398624231,1.0101318359374991
square_bond,32,0.61,0.61,0.923095703125,0.04150390625,5.574512223367057,1.0,0.95849609375,0.65150390625,0.3809230090141297,1.1243005406483977,1.5411376953124987
square_bond,32,0.62,0.62,0.94439697265625,0.033538818359375,4.070993603296273,1.0,0.966461181640625,0.653538818359375,0.39160433715656395,1.1446700681000916,1.1245727539062491
square_bond,32,0.63,0.63,0.945587158203125,0.03253173828125,5.066229204991149,1.0,0.96746826171875,0.66253173828125,0.40381641037613153,1.2089340275153533,0.39672851562499967
square_bond,32,0.64,0.64,0.95233154296875,0.029205322265625,4.903049624723402,1.0,0.970794677734375,0.669205322265625,0.41578301770687104,1.1952038589678737,0.7797241210937493
square_bond,32,0.65,0.65,0.961181640625,0.024688720703125,3.4575730805724483,1.0,0.975311279296875,0.674688720703125,0.427720487555489,1.2070679485797893,0.7934570312499993
square_bond,32,0.66,0.66,0.96820068359375,0.0205078125,3.946798354406076,1.0,0.9794921875,0.6805078125,0.43992437667846684,1.2915460334904472,0.2304077148437498
square_bond,32,0.67,0.67,0.965789794921875,0.0225830078125,3.0180503530769176,1.0,0.9774169921875,0.6925830078125,0.453551408225298,1.3062976691126842,0.36315917968749967
square_bond,32,0.68,0.68,0.9754638671875,0.01776123046875,2.1994833763389274,1.0,0.98223876953125,0.69776123046875,0.46605033006072055,1.3041885935515145,0.4745483398437522
square_bond,32,0.69,0.69,0.97528076171875,0.01751708984375,2.674678129696271,1.0,0.98248291015625,0.70751708984375,0.47963518009632816,1.3388570689037433,0.31433105468750144
square_bond,32,0.7,0.7,0.98175048828125,0.014129638671875,2.0007190438239286,1.0,0.985870361328125,0.714129638671875,0.4928274714387953,1.3624685595929624,0.2990722656249997
square_bond,32,0.71,0.71,0.98126220703125,0.01422119140625,2.1563323642136294,1.0,0.98577880859375,0.72422119140625,0.5068845512881874,1.3872891096398237,0.24719238281249978
square_bond,32,0.72,0.72,0.9866943359375,0.01123046875,1.742889392669183,1.0,0.98876953125,0.73123046875,0.5205732536315918,1.3957615434378388,0.3112792968749997
square_bond,32,0.73,0.73,0.98748779296875,0.010009765625,1.9035795643017972,1.0,0.989990234375,0.740009765625,0.5347997821569442,1.4316604224964988,0.1327514648437499
square_bond,32,0.74,0.74,0.989349365234375,0.008636474609375,1.8050365695248443,1.0,0.991363525390625,0.748636474609375,0.5492064620815218,1.4562324472703045,0.2120971679687498
square_bond,32,0.75,0.75,0.991729736328125,0.007843017578125,1.3484032460594961,1.0,0.992156982421875,0.757843017578125,0.5639244311023504,nan,nan
square_bond,48,0.35,0.35,0.024576822916666668,0.3306070963541667,10.160577429542426,0.0,0.6693929036458333,0.6806070963541667,0.15945774616466626,nan,nan
square_bond,48,0.36,0.36,0.031317816840277776,0.3182373046875,11.184802595363934,0.0,0.6817626953125,0.6782373046875,0.1664628814458847,0.7005571323964337,0.42317708333333304
square_bond,48,0.37,0.37,0.033040364583333336,0.2952473958333333,13.446271916334874,0.0,0.7047526041666667,0.6652473958333333,0.17346888881259495,0.7073021357074182,0.46115451388888873
square_bond,48,0.38,0.38,0.04054090711805556,0.2814805772569444,15.357848143466299,0.0,0.7185194227430556,0.6614805772569444,0.18060892416003307,0.7112013780960318,0.7941351996527769
square_bond,48,0.39,0.39,0.04892306857638889,0.2630343967013889,17.65691922394418,0.0,0.7369656032986112,0.6530343967013889,0.1876929163745156,0.7216472925595304,0.5737304687499991
square_bond,48,0.4,0.4,0.05201551649305555,0.2510579427083333,20.96075517637622,0.0,0.7489420572916667,0.6510579427083333,0.1950418700112237,0.73152846850731,0.31806098090277857
square_bond,48,0.41,0.41,0.05528428819444445,0.23539225260416666,24.001774825313127,0.0,0.7646077473958334,0.6453922526041667,0.20232348574466177,0.7171376634747914,1.5252007378472252
square_bond,48,0.42,0.42,0.08251953125,0.2153998480902778,28.01500767724134,0.0,0.7846001519097222,0.6353998480902778,0.2093846232807195,0.7370850202514775,1.7693413628472208
square_bond,48,0.43,0.43,0.0906711154513889,0.2048611111111111,35.05145551976856,0.0,0.7951388888888888,0.6348611111111111,0.21706518614969134,0.7431125381625722,1.0464138454861103
square_bond,48,0.44,0.44,0.10344780815972222,0.1864691840277778,43.73766182185962,0.0,0.8135308159722222,0.6264691840277778,0.22424687404397095,0.7467502290930275,2.3261176215277755
square_bond,48,0.45,0.45,0.13719346788194445,0.1746554904513889,51.09575765898705,0.03125,0.8253445095486112,0.6246554904513888,0.2320001907315519,0.7732510910799483,3.9279513888888853
square_bond,48,0.46,0.46,0.1820068359375,0.1614312065972222,64.71897167846592,0.15625,0.8385687934027778,0.6214312065972223,0.23971189586556993,0.7962388446522349,3.1277126736111165
square_bond,48,0.47,0.47,0.19974772135416666,0.1521945529513889,68.45688789452191,0.1875,0.8478054470486112,0.6221945529513888,0.24792496762459657,0.7834895091292289,3.9916992187500075
square_bond,48,0.48,0.48,0.2618408203125,0.1352810329861111,80.6582636465808,0.25,0.8647189670138888,0.6152810329861111,0.2553816860481545,0.78954028900391,7.17909071180555
square_bond,48,0.49,0.49,0.3433295355902778,0.1252712673611111,107.97302889587876,0.59375,0.8747287326388888,0.6152712673611112,0.2637157734046748,0.8125744272087807,8.557807074652771
square_bond,48,0.5,0.5,0.4329969618055556,0.11131456163194445,123.41542583408051,0.6875,0.8886854383680556,0.6113145616319444,0.2716331745923301,0.8215261890748385,10.150146484374991
square_bond,48,0.51,0.51,0.5463324652777778,0.10106065538194445,100.34706538884598,0.90625,0.8989393446180556,0.6110606553819444,0.28014629718617157,0.8594246130887404,9.023030598958323
square_bond,48,0.52,0.52,0.6134575737847222,0.0910915798611111,86.62047771162766,0.9375,0.9089084201388888,0.6110915798611112,0.28882166685410493,0.899507012094982,7.132297092013883
square_bond,48,0.53,0.53,0.6889784071180556,0.0843234592013889,80.1707710221366,0.96875,0.9156765407986112,0.6143234592013889,0.2981364374280712,0.937853987342043,6.470404730902773
square_bond,48,0.54,0.54,0.7428656684027778,0.07732476128472222,51.343745609649346,1.0,0.9226752387152778,0.6173247612847222,0.3075787466009458,0.9322248291895727,6.962076822916657
square_bond,48,0.55,0.55,0.8282199435763888,0.0679660373263889,17.72430692376393,1.0,0.9320339626736112,0.6179660373263889,0.3167809340118627,0.9705120020368987,4.841444227430548
square_bond,48,0.56,0.56,0.8396945529513888,0.0635036892361111,29.32166483193487,1.0,0.9364963107638888,0.6235036892361112,0.3269889866416838,1.0031316414512206,1.7957899305555665
square_bond,48,0.57,0.57,0.8641357421875,0.0560302734375,20.826438854273746,1.0,0.9439697265625,0.6260302734375,0.336843566840887,1.0144082158509558,3.0131022135416825
square_bond,48,0.58,0.58,0.8999565972222222,0.05079481336805555,9.570335251715163,1.0,0.9492051866319444,0.6307948133680555,0.3472771509587028,1.045468131899834,2.07383897569444
square_bond,48,0.59,0.59,0.9056125217013888,0.0447998046875,13.426814532317076,1.0,0.9552001953125,0.6347998046875,0.3577529294788837,1.062778953659684,1.4879014756944462
square_bond,48,0.6,0.6,0.9297146267361112,0.03944227430555555,5.712566243252418,1.0,0.9605577256944444,0.6394422743055556,0.3685327300318965,1.1039118717298115,1.651340060763888
square_bond,48,0.61,0.61,0.9386393229166666,0.03578016493055555,5.378110573239255,1.0,0.9642198350694444,0.6457801649305556,0.37983116691347996,1.1495291027316323,0.8226182725694412
square_bond,48,0.62,0.62,0.9461669921875,0.033121744791666664,4.309032196480269,1.0,0.9668782552083334,0.6531217447916666,0.3915233120865292,1.1663958462557678,0.7493760850694469
square_bond,48,0.63,0.63,0.9536268446180556,0.029147677951388888,3.4936712590680714,1.0,0.9708523220486112,0.6591476779513888,0.40315908383859533,1.1723455953892365,0.7907443576388888
square_bond,48,0.64,0.64,0.9619818793402778,0.025051540798611112,3.182182659945935,1.0,0.9749484592013888,0.6650515407986112,0.41497022399431394,1.212316416086236,0.5323621961805576
square_bond,48,0.65,0.65,0.9642740885416667,0.023084852430555556,4.536362470445218,1.0,0.9769151475694444,0.6730848524305556,0.4274054121603201,1.2490452547132231,0.4319932725694416
square_bond,48,0.66,0.66,0.9706217447916666,0.020643446180555556,2.404679088342557,1.0,0.9793565538194444,0.6806434461805556,0.4399511290885784,1.2657874278705783,0.5547417534722205
square_bond,48,0.67,0.67,0.9753689236111112,0.018296983506944444,2.0938164975113702,1.0,0.9817030164930556,0.6882969835069445,0.45272116071773166,1.2860057555010285,0.3926595052083367
square_bond,48,0.68,0.68,0.9784749348958334,0.015814887152777776,2.4152596425627384,1.0,0.9841851128472222,0.6958148871527778,0.465671244198599,1.3157061431952477,0.25295681423611166
square_bond,48,0.69,0.69,0.9804280598958334,0.014390733506944444,2.297600296233133,1.0,0.9856092664930556,0.7043907335069444,0.4790352835816365,1.3382182600836714,0.2929687500000014
square_bond,48,0.7,0.7,0.9843343098958334,0.0120849609375,1.9570506379102117,1.0,0.9879150390625,0.7120849609375,0.4924356094002723,1.362313324040103,0.27262369791666274
square_bond,48,0.71,0.71,0.9858805338541666,0.011013454861111112,2.0133607485069724,1.0,0.9889865451388888,0.7210134548611111,0.5062815500624386,1.3928421968221625,0.16615125868055233
square_bond,48,0.72,0.72,0.9876573350694444,0.009724934895833334,1.9756368275780047,1.0,0.9902750651041666,0.7297249348958333,0.5202924533367156,1.412217189529795,0.19327799479166835
square_bond,48,0.73,0.73,0.98974609375,0.008517795138888888,1.5778587641727484,1.0,0.9914822048611112,0.7385177951388888,0.5345258938530345,1.43508208580959,0.17022026909722085
square_bond,48,0.74,0.74,0.9910617404513888,0.007459852430555556,1.6199880580888497,1.0,0.9925401475694444,0.7474598524305556,0.5489940950529074,1.4564621805408837,0.1315646701388894
square_bond,48,0.75,0.75,0.9923773871527778,0.006320529513888889,1.6687548038118858,1.0,0.9936794704861112,0.7563205295138888,0.5636551374638522,nan,nan
square_site,16,0.35,0.3497314453125,0.15972112474346983,0.3721950421116113,4.494563327173192,0.0,0.6278049578883886,0.7219264874241114,0.15850844303254222,nan,nan
square_site,16,0.36,0.365234375,0.15921937451573817,0.36972033352957,4.587471247490196,0.0,0.63027966647043,0.73495470852957,0.16918642695558658,0.8806067319912131,0.4693729241077564
square_site,16,0.37,0.373779296875,0.16910858322562497,0.33818420215671446,4.911620646501263,0.0,0.6618157978432855,0.7119634990317145,0.1761205776723665,0.9856457833784074,0.8094074074641279
square_site,16,0.38,0.3907470703125,0.17540752266502074,0.3152617149320327,5.7016569370442545,0.0,0.6847382850679673,0.7060087852445327,0.18889934262315475,0.5134971286070359,-6.723689830734342e-05
square_site,16,0.39,0.387939453125,0.16910723848765882,0.3396616133313035,5.525078286640955,0.0,0.6603383866686965,0.7276010664563035,0.18639052024450722,0.44968216522140964,0.30667825986033903
square_site,16,0.4,0.4024658203125,0.18154108786222753,0.3038903104519534,5.979429065086366,0.0,0.6961096895480465,0.7063561307644535,0.19789298592758295,0.8899218830226752,0.6135661065523973
square_site,16,0.41,0.4105224609375,0.18137856061870675,0.2924206415195162,6.0965909452609655,0.0,0.7075793584804838,0.7029431024570162,0.2041889579049607,0.5294815795422178,1.679257632958395
square_site,16,0.42,0.416015625,0.21512624052139537,0.28042727454848626,6.110910860133182,0.0,0.7195727254515137,0.6964428995484863,0.20848261751842728,0.8463471362259243,2.0621304500976265
square_site,16,0.43,0.431640625,0.2226211696206593,0.2727688189083064,6.970590950332512,0.0,0.7272311810916936,0.7044094439083064,0.2211159006294792,1.3004114272250304,3.044839679447174
square_site,16,0.44,0.4486083984375,0.2760230341103389,0.23199958649845584,7.329720291637623,0.09375,0.7680004135015441,0.6806079849359559,0.23449084606292792,0.5744160598423137,0.6633606952869486
square_site,16,0.45,0.445556640625,0.2358883835263983,0.2583693992472538,7.882147967958556,0.09375,0.7416306007527462,0.7039260398722538,0.23260422182632548,0.7931443488018629,-0.7659050830980695
square_site,16,0.46,0.466552734375,0.2607049324483775,0.2336942681625943,7.506387211207363,0.0,0.7663057318374057,0.7002470025375943,0.2503537330389652,0.9307298952633217,1.246198584424887
square_site,16,0.47,0.4681396484375,0.260812355214896,0.21874665257524414,9.029776574692772,0.0625,0.7812533474247558,0.6868863010127442,0.2512188197315919,0.4137437168383087,1.2374581360349353
square_site,16,0.48,0.4769287109375,0.28545409516907616,0.20630684113761547,8.718088663706622,0.09375,0.7936931588623846,0.6832355520751154,0.25862860737573135,0.9979158832263265,4.30196584057785
square_site,16,0.49,0.4921875,0.34685167202645306,0.1784555310885778,9.82471196372307,0.15625,0.8215444689114222,0.6706430310885778,0.27117713739611843,0.997080351680076,3.164869072390189
square_site,16,0.5,0.50048828125,0.34875147661688,0.17057635848398103,11.592363976674752,0.21875,0.829423641516019,0.671064639733981,0.2785702144093329,0.7678445759826618,0.88476051618988
square_site,16,0.51,0.5089111328125,0.3645468823502507,0.16699714284135453,11.832344022834965,0.09375,0.8330028571586454,0.6759082756538546,0.2865340289157717,0.7687847881542053,-1.0411088592479485
square_site,16,0.52,0.516357421875,0.327929299431921,0.16721123102187432,12.040242624227558,0.09375,0.8327887689781257,0.6835686528968743,0.293945910172417,1.0108604770518106,1.932499920922549
square_site,16,0.53,0.5308837890625,0.4031968807687017,0.14461984997133917,12.528970538664181,0.34375,0.8553801500286609,0.6755036390338391,0.3067512384568079,1.0191896268320473,4.767108668597398
square_site,16,0.54,0.5390625,0.42327147280386906,0.13521136872919828,14.408004792625887,0.40625,0.8647886312708017,0.6742738687291983,0.31432970270905797,1.4363505089141209,4.912493766103657
square_site,16,0.55,0.560791015625,0.5014467560907749,0.1157110151344668,13.379758721595303,0.5625,0.8842889848655332,0.6765020307594668,0.33547824863509035,1.2081210117985397,2.870300454323763
square_site,16,0.56,0.56298828125,0.48067748189034437,0.12108292036197824,13.219310724721078,0.53125,0.8789170796380218,0.6840712016119782,0.3384921229450288,0.3540375104219634,-0.20533718694630093
square_site,16,0.57,0.5673828125,0.49734001235184894,0.11423335288093697,14.2707804463993,0.46875,0.885766647119063,0.681616165380937,0.3425589988435296,0.47819184164629935,0.8735204296890688
square_site,16,0.58,0.5738525390625,0.49814789048412567,0.10025587230046887,16.63786812170657,0.46875,0.8997441276995312,0.6741084113629688,0.3480559597779547,1.1333234664216363,1.6458604963692072
square_site,16,0.59,0.59033203125,0.5302572222792331,0.08816802785562897,18.886099950181933,0.625,0.9118319721443711,0.6785000591056289,0.36522546817196233,1.3330621002213205,7.154745642879861
square_site,16,0.6,0.599609375,0.641242803341723,0.07873746202707609,15.011972170416625,0.8125,0.9212625379729239,0.6783468370270761,0.37471720178238116,1.027194481943446,6.489067571276835
square_site,16,0.61,0.60986328125,0.6600385737047699,0.0711151835505686,15.314455020765113,0.78125,0.9288848164494314,0.6809784648005686,0.38576935781083127,1.207181620364602,1.1747316564494559
square_site,16,0.62,0.6201171875,0.6647374364707122,0.07595644135875478,13.487402875249172,0.75,0.9240435586412452,0.6960736288587548,0.3988608341896732,1.2680268878181649,2.627406844781169
square_site,16,0.63,0.632080078125,0.7125867106003934,0.05953418698513731,16.6493034973727,0.84375,0.9404658130148627,0.6916142651101373,0.4111298955671946,1.1283059068105439,3.725142064385009
square_site,16,0.64,0.64111328125,0.7392402777584124,0.05304310215357158,17.24844924465858,0.96875,0.9469568978464284,0.6941563834035716,0.4214269523258841,0.83704320191453,1.6855391864268694
square_site,16,0.65,0.6458740234375,0.7462974943289308,0.05558253659990589,13.543816516938758,0.84375,0.9444174634000941,0.7014565600374059,0.4278707596054852,0.6648171557434518,4.148946390524684
square_site,16,0.66,0.652099609375,0.8222192055689062,0.048624192441561194,11.21347563063973,0.96875,0.9513758075584388,0.7007238018165612,0.43472329544075317,1.6720779248923137,5.3581920609035665
square_site,16,0.67,0.6734619140625,0.8534613355470022,0.04025605025938653,11.110250731401036,0.96875,0.9597439497406135,0.7137179643218865,0.4613123181033315,1.8372683075882201,3.5966437610136315
square_site,16,0.68,0.6815185546875,0.8941520807891788,0.03642060125911631,8.56988918730525,1.0,0.9635793987408837,0.7179391559466163,0.4714686615925176,0.9474438306285765,2.6151244724304368
square_site,16,0.69,0.6888427734375,0.9057638249956107,0.029691920710097467,8.207008375197587,1.0,0.9703080792899025,0.7185346941475975,0.48026119471590295,1.1305119206790224,0.40930519245522456
square_site,16,0.7,0.6990966796875,0.9023381846382833,0.02800426330858956,8.018094952622398,1.0,0.9719957366914105,0.7271009429960895,0.49407890000609794,1.0803106184857487,0.29101644629617146
square_site,16,0.71,0.705078125,0.9115841539215341,0.024851525260488335,9.04359305549523,1.0,0.9751484747395117,0.7299296502604883,0.501867407085618,1.9753467384504908,2.686271597857268
square_site,16,0.72,0.72802734375,0.9560636165954287,0.019369097434958432,3.1828435059026208,1.0,0.9806309025650416,0.7473964411849584,0.5335858347751078,2.1401631430435146,2.4024109658984862
square_site,16,0.73,0.7354736328125,0.9596323732395039,0.020926419847353092,3.795761363840408,1.0,0.9790735801526469,0.7564000526598531,0.5446706699464883,1.1279857314845365,0.5364144925603715
square_site,16,0.74,0.74365234375,0.9667919064466362,0.01761182480195154,3.787365688928189,1.0,0.9823881751980484,0.7612641685519516,0.5561455494047985,0.6008197099788165,0.6248053641681067
square_site,16,0.75,0.744140625,0.972128480522866,0.01651726687578929,2.906971898607928,1.0,0.9834827331242108,0.7606578918757892,0.5566870641460646,nan,nan
square_site,24,0.35,0.3499891493055556,0.09175027477712076,0.36288341640485006,5.167294863523652,0.0,0.63711658359515,0.7128725657104056,0.15895909856120854,nan,nan
square_site,24,0.36,0.3529188368055556,0.09632256567452278,0.362832925498343,5.102279893826572,0.0,0.637167074501657,0.7157517623038986,0.16094985537380946,0.618101387478503,0.5906066476259597
square_site,24,0.37,0.3670789930555556,0.10356240772963997,0.3390799832601412,6.051142478033096,0.0,0.6609200167398588,0.7061589763156968,0.17132112631077862,0.8238579435062918,0.5016306888443125
square_site,24,0.38,0.3753797743055556,0.10635517945140904,0.32835236739723855,5.98479875346818,0.0,0.6716476326027614,0.7037321417027942,0.1774270142439353,0.8886292578635385,0.4203631756320224
square_site,24,0.39,0.3909505208333333,0.11196967124228042,0.30752482700367123,6.686772213990474,0.0,0.6924751729963288,0.6984753478370045,0.1890937114680494,0.9937278400362742,0.4156584773414077
square_site,24,0.4,0.4016927083333333,0.1146683489982372,0.2959558013520938,7.324112133021046,0.0,0.7040441986479062,0.697648509685427,0.1973015710446608,0.8304373466016315,0.526728728681292
square_site,24,0.41,0.41259765625,0.12250424581590624,0.27628172267840156,8.062906650103715,0.0,0.7237182773215984,0.6888793789284016,0.205702458400082,0.7117362973840538,1.2719380938773717
square_site,24,0.42,0.4201931423611111,0.1401071108757846,0.26142892354836417,8.887996058548243,0.0,0.7385710764516358,0.6816220659094754,0.21153629699234186,0.7819324318902899,0.9832819020883848
square_site,24,0.43,0.4326171875,0.14216988385767396,0.24541237106444963,9.605427964887317,0.0,0.7545876289355504,0.6780295585644496,0.2213411070378878,0.8926839532943631,0.3817741121016415
square_site,24,0.44,0.4424913194444444,0.14774259311781743,0.2364494239375395,10.405154171683602,0.0,0.7635505760624605,0.678940743381984,0.22938997605822914,0.6393625728823218,0.27300940097158394
square_site,24,0.45,0.4486219618055556,0.14763007187710564,0.22331546958045112,10.533067691064907,0.0,0.7766845304195489,0.6719374313860067,0.23412835849553426,0.76204576266257,0.19984262758412347
square_site,24,0.46,0.4617513020833333,0.1517394456694999,0.20286777069352557,12.449906015937405,0.0,0.7971322293064744,0.6646190727768588,0.24463089131148055,1.16371365819457,1.5735038215269284
square_site,24,0.47,0.4767795138888889,0.17910014830764415,0.18852314327542743,13.793872850394658,0.0,0.8114768567245726,0.6653026571643164,0.2574026316594256,0.879138902323723,2.7952179685744145
square_site,24,0.48,0.4823133680555556,0.2076438050409881,0.18364409531913067,15.395818325764122,0.03125,0.8163559046808693,0.6659574633746863,0.262213669357955,0.45898840705860494,2.1621082813899095
square_site,24,0.49,0.4881184895833333,0.22234231393544238,0.169445915087528,15.82931930193912,0.09375,0.830554084912472,0.6575644046708613,0.2665823998005977,0.5575194016142644,1.5865727723818028
square_site,24,0.5,0.4948459201388889,0.23937526048862418,0.17371953348960062,15.255347461838747,0.0625,0.8262804665103993,0.6685654536284895,0.2733640573902403,0.8778817387798585,1.0189973967916228
square_site,24,0.51,0.5078667534722222,0.24272226187127485,0.1515255690128727,17.116334095158006,0.125,0.8484744309871273,0.6593923224850949,0.2841400345761949,1.384140959717782,4.222542088139968
square_site,24,0.52,0.5264756944444444,0.3238261022514236,0.13324078039671133,20.688620778712718,0.21875,0.8667592196032887,0.6597164748411557,0.30104687658459595,1.146258075831168,4.1335464138251075
square_site,24,0.53,0.53271484375,0.32539319014777707,0.12929697652897337,22.102728374012806,0.1875,0.8707030234710267,0.6620118202789733,0.3070651960928183,0.6629682195149278,2.0591608694358454
square_site,24,0.54,0.5414496527777778,0.36500931964014055,0.11297163041679517,25.251115116396253,0.28125,0.8870283695832049,0.6544212831945729,0.3143062409748945,0.7917626553638639,4.982615514963247
square_site,24,0.55,0.550509982638889,0.4250455004470421,0.10444352464436218,25.314763623723373,0.46875,0.8955564753556378,0.6549535072832512,0.3229004492000956,1.1027848335518748,4.462149041681905
square_site,24,0.56,0.5645616319444444,0.45425230047377874,0.09055727011362388,30.067283536305432,0.5,0.9094427298863761,0.6551189020580683,0.33636193764593203,0.8721084109872642,0.6384456285678188
square_site,24,0.57,0.5675998263888888,0.4378144130183984,0.09485303889050495,27.459467700819502,0.40625,0.9051469611094951,0.6624528652793937,0.3403426174198408,0.8544860060716931,3.4127223450835844
square_site,24,0.58,0.58056640625,0.5225067473754501,0.0842470108407634,24.30325847087221,0.625,0.9157529891592366,0.6648134170907634,0.3534516577673658,0.985559161640003,4.389837408019155
square_site,24,0.59,0.58740234375,0.5256111611787816,0.07590661590237599,26.00721772845042,0.59375,0.924093384097624,0.663308959652376,0.36005380065264087,1.1515645262524843,3.268521901961299
square_site,24,0.6,0.6023220486111112,0.5878771854146762,0.06919943508134077,31.2427283469678,0.75,0.9308005649186593,0.6715214836924519,0.3764829482924155,0.9397190722733086,3.070939270582626
square_site,24,0.61,0.6044921875,0.5870299465904342,0.067840827332955,34.46527527774283,0.75,0.932159172667045,0.672333014832955,0.37884818209810706,1.2014108120377804,5.793733648034228
square_site,24,0.62,0.6241319444444444,0.7037518583753608,0.05473486369162749,23.65818588393939,0.8125,0.9452651363083725,0.6788668081360719,0.40051116453317115,1.1458171114285975,7.135834585645972
square_site,24,0.63,0.6253797743055556,0.7297466383033537,0.05302690111146659,21.66698513791724,0.96875,0.9469730988885334,0.6784066754170222,0.40176452432667903,0.7680891161581959,4.709671783880094
square_site,24,0.64,0.6374240451388888,0.7979452940529628,0.04763947594262193,17.426681473311643,0.96875,0.952360524057378,0.6850635210815108,0.4158729468563351,1.1394806661351775,2.4574012006878343
square_site,24,0.65,0.6453993055555556,0.7788946623171105,0.0393928084038624,28.244009703774456,0.90625,0.9606071915961376,0.684792113959418,0.4245541376493826,1.3061587605487939,1.364758386083158
square_site,24,0.66,0.6593967013888888,0.825240461774626,0.03578197827533236,21.202813333980394,0.96875,0.9642180217246676,0.6951786796642212,0.441996122067311,1.2381886489207479,4.504371932135793
square_site,24,0.67,0.6657443576388888,0.8689821009598264,0.030140646130236835,15.930324869172336,1.0,0.9698593538697632,0.6958850037691257,0.4493179106277976,1.2678203288769385,3.2046633235893602
square_site,24,0.68,0.6795247395833334,0.8893337282464132,0.02818831853434045,14.64905400578536,1.0,0.9718116814656595,0.7077130581176738,0.4673525286448498,1.5636721090009982,1.5683689755207526
square_site,24,0.69,0.6898328993055556,0.9003494804702413,0.02391235684179929,14.40897686506567,1.0,0.9760876431582007,0.7137452561473548,0.4805913528078174,1.5171954294500787,2.8279812830352213
square_site,24,0.7,0.7025824652777778,0.9458933539071174,0.020977646911903597,6.253868780302739,1.0,0.9790223530880964,0.7235601121896814,0.4976964372338512,1.535682595586184,1.7300941535540721
square_site,24,0.71,0.7125651041666666,0.9349513635413228,0.018560283297506537,10.985074440632426,1.0,0.9814397167024934,0.7311253874641732,0.5113050047195411,1.0125505030822841,0.3188585851697176
square_site,24,0.72,0.7174479166666666,0.9522705256105117,0.016871635168158507,7.390412185293751,1.0,0.9831283648318415,0.7343195518348251,0.5179474472954969,0.8516277179840818,1.6969744693693152
square_site,24,0.73,0.7249348958333334,0.9688908529287091,0.014881861524996738,4.778865041208792,1.0,0.9851181384750033,0.7398167573583301,0.5283375590792228,1.5087148264444892,1.1903505151983007
square_site,24,0.74,0.73876953125,0.9760775359144778,0.012754643078134347,4.302765571353933,1.0,0.9872453569218657,0.7515241743281343,0.5481217438243867,1.9161298928021357,0.4398883304114805
square_site,24,0.75,0.7513020833333334,0.9776886195369388,0.0124234882599441,3.4762266648658238,1.0,0.9875765117400559,0.7637255715932775,0.5666601569352655,nan,nan
square_site,32,0.35,0.35247802734375,0.06505873193074092,0.3575979751884846,5.782517488881598,0.0,0.6424020248115154,0.7100760025322346,0.1607843543625715,nan,nan
square_site,32,0.36,0.35772705078125,0.05713262608398814,0.3600354082611803,5.80508030499963,0.0,0.6399645917388197,0.7177624590424303,0.16431925895318555,0.46640746907809605,0.02987266532206362
square_site,32,0.37,0.365264892578125,0.0656561852371822,0.3335969624023893,6.422163114197001,0.0,0.6664030375976107,0.6988618549805143,0.17011250374413342,0.8817260962337597,0.371715604828397
square_site,32,0.38,0.381439208984375,0.06456693818055609,0.31791122159312263,6.822488350071271,0.0,0.6820887784068774,0.6993504305774976,0.18195378087786077,0.9253752666577997,0.5184097993887341
square_site,32,0.39,0.39031982421875,0.07602438122495689,0.3032447200003742,7.365481687533972,0.0,0.6967552799996257,0.6935645442191243,0.18862000907728943,0.781664202526005,0.5292180988165469
square_site,32,0.4,0.402130126953125,0.07515130015688704,0.2870538061978168,8.1956026683607,0.0,0.7129461938021833,0.6891839331509417,0.19758706492838088,0.6467288985000761,0.29155282803598176
square_site,32,0.41,0.40740966796875,0.08185543778567651,0.2744241136037319,8.851178837449604,0.0,0.725575886396268,0.681833781572482,0.20155458704729093,0.8300521039552424,0.45467475489040804
square_site,32,0.42,0.42352294921875,0.08424479525469518,0.25866217346816306,9.536220960101954,0.0,0.7413378265318369,0.6821851226869131,0.2141881070074857,0.8930752415930171,0.39206764527198285
square_site,32,0.43,0.430084228515625,0.08969679069111618,0.25156363033303236,9.851889730714497,0.0,0.7484363696669676,0.6816478588486574,0.2194160918791513,0.6871770309494687,1.1066690043633112
square_site,32,0.44,0.441131591796875,0.10637817534196142,0.22926013645180163,11.64768820367267,0.0,0.7707398635481983,0.6703917282486767,0.22793164762647508,0.6784098962669746,0.9449671744271837
square_site,32,0.45,0.44769287109375,0.10859613417965987,0.21663320427707095,12.591786051826409,0.0,0.7833667957229291,0.6643260753708209,0.2329842898044908,0.8542253726580843,1.193394566942384
square_site,32,0.46,0.46246337890625,0.13024606668080912,0.19881708791524122,14.121377878873963,0.0,0.8011829120847588,0.6612804668214912,0.24501615507963678,0.7127604917425423,0.2870245653506026
square_site,32,0.47,0.46484375,0.11433662548667191,0.2000116220135768,15.075570026707528,0.0,0.7999883779864232,0.6648553720135768,0.2472394996393416,0.6583533292435688,0.34591473511680415
square_site,32,0.48,0.47833251953125,0.1371643613831452,0.17953197416883246,17.555635460253377,0.0,0.8204680258311675,0.6578644937000825,0.25818322166450813,1.1483354971502453,2.2652474715045945
square_site,32,0.49,0.49267578125,0.15964157491676384,0.16106650222969085,20.195351718197806,0.0,0.8389334977703091,0.6537422834796909,0.27020620958234653,1.0245445301305103,1.8881144873827704
square_site,32,0.5,0.502288818359375,0.17492665113080064,0.15185347369216798,22.769428881551672,0.03125,0.848146526307832,0.654142292051543,0.27867411226711836,0.9219923368164649,2.5909699771826755
square_site,32,0.51,0.513824462890625,0.2114609744604174,0.13746544410317071,24.0501375344652,0.0625,0.8625345558968293,0.6512899069937957,0.28864605631867585,0.6342384471433699,1.6492187858195173
square_site,32,0.52,0.516693115234375,0.207911026847191,0.13583306508804893,24.797271718350206,0.0,0.8641669349119511,0.6525261803224239,0.29135888120998577,0.70767510418338,1.8517055821051311
square_site,32,0.53,0.529510498046875,0.24849508610252005,0.12121617105755536,30.914770321266765,0.1875,0.8787838289424447,0.6507266691044303,0.30279955840234346,0.9777503024203373,4.031289200838337
square_site,32,0.54,0.53851318359375,0.2885368108639578,0.11074518021697759,35.479559175298526,0.21875,0.8892548197830225,0.6492583638107275,0.31091388725839253,1.1993955728558343,5.013410009868835
square_site,32,0.55,0.5546875,0.34876328629989684,0.09967116215223279,36.056113966007565,0.34375,0.9003288378477672,0.6543586621522328,0.32678746985946017,1.1544052593205252,1.8325695622313742
square_site,32,0.56,0.56201171875,0.32518820210858534,0.09380248959510912,43.92236044344337,0.21875,0.9061975104048909,0.6558142083451091,0.33400199244480305,0.6380806067030816,1.4882391996112756
square_site,32,0.57,0.5682373046875,0.3785280702921222,0.08437457617817726,48.59785597059479,0.4375,0.9156254238218228,0.6526118808656772,0.33954908199352174,0.7269450590564726,5.007322941917503
square_site,32,0.58,0.5765380859375,0.42533466094693495,0.08201158971602841,41.911399698698084,0.53125,0.9179884102839716,0.6585496756535284,0.34854089362593244,0.9590206222817718,7.110614382613444
square_site,32,0.59,0.58709716796875,0.5207403579443912,0.06971444328122184,47.286311296655214,0.84375,0.9302855567187782,0.6568116112499718,0.3587294944391572,1.1920400412182441,5.087225254155487
square_site,32,0.6,0.59991455078125,0.5270791660300448,0.06145309902730634,61.10772745410384,0.65625,0.9385469009726937,0.6613676498085563,0.37238169445029734,0.9732645816090837,5.601879374949082
square_site,32,0.61,0.605377197265625,0.632777945443373,0.05737165300303176,51.62767279768309,0.875,0.9426283469969683,0.6627488502686567,0.3781947860713389,1.1047110229209196,10.516483295420706
square_site,32,0.62,0.620330810546875,0.7374088319384591,0.0468107891014854,37.66966940706114,0.90625,0.9531892108985146,0.6671415996483604,0.39447591490871575,1.3896484926667523,6.572988223731279
square_site,32,0.63,0.630767822265625,0.7642377099179987,0.03897831889455358,38.75395641056073,0.96875,0.9610216811054464,0.6697461411601786,0.40598775592467395,1.139361943406707,4.032619224125252
square_site,32,0.64,0.640411376953125,0.8180612164209642,0.0342522289932997,36.331501949548915,0.96875,0.9657477710067003,0.6746636059464247,0.4172631537768499,1.119744145681283,4.783473187630556
square_site,32,0.65,0.649200439453125,0.8599071736706099,0.03361255529598981,22.187904709176,1.0,0.9663874447040102,0.6828129947491148,0.42838263883829963,1.4885018894994122,3.7150660858816487
square_site,32,0.66,0.66424560546875,0.8923625381385972,0.028469404722859724,19.039504781822057,1.0,0.9715305952771403,0.6927150101916097,0.4470331915668382,1.0536718398627234,0.17255187024100543
square_site,32,0.67,0.666046142578125,0.86335821107543,0.028719133304871036,28.038539310878594,1.0,0.9712808666951289,0.6947652758829961,0.4494560756355541,0.8684753617355787,-0.22539288994795606
square_site,32,0.68,0.67791748046875,0.8878546803396381,0.023896597746562078,23.345970996880265,1.0,0.976103402253438,0.701814078215312,0.4644026988015498,1.6154945954254032,4.114146471166754
square_site,32,0.69,0.691253662109375,0.9456411404987647,0.019690314769404405,9.59350746966321,1.0,0.9803096852305956,0.7109439768787794,0.48176596754406203,1.520560351623636,3.0872777684783945
square_site,32,0.7,0.701019287109375,0.9496002357092057,0.01713685356922361,11.261653112292208,1.0,0.9828631464307764,0.7181561406785986,0.49481390583402235,1.094359735005825,0.6149558370302727
square_site,32,0.71,0.70733642578125,0.9579402572393702,0.017074167321237933,7.045893691067479,1.0,0.9829258326787621,0.7244105931024879,0.5036531622441786,1.2760709585525458,1.0408404263855078
square_site,32,0.72,0.719512939453125,0.9704170442369159,0.013736510586163011,7.462618841270422,1.0,0.986263489413837,0.733249450039288,0.5203353250050733,1.682415811312686,1.1500145944089812
square_site,32,0.73,0.731597900390625,0.9809405491275498,0.01096964560605903,4.318356483809859,1.0,0.9890303543939409,0.7425675459966841,0.5373014784704323,1.653791126559871,0.6048095597022346
square_site,32,0.74,0.742706298828125,0.9825132354309606,0.00978364721200109,3.8755809112305823,1.0,0.9902163527879989,0.7524899460401261,0.5534111475362707,1.1928240701213166,0.12522939096396557
square_site,32,0.75,0.748046875,0.9834451369468291,0.008704214434836122,4.4029661979424946,1.0,0.9912957855651638,0.7567510894348362,0.5611579598728587,nan,nan
square_site,48,0.35,0.3473714192708333,0.031285726435600986,0.3665956389999302,5.752005019355123,0.0,0.6334043610000698,0.7139670582707636,0.15709172424723686,nan,nan
square_site,48,0.36,0.3596462673611111,0.037637906828118156,0.33661016902272733,6.798670295127084,0.0,0.6633898309772727,0.6962564363838384,0.16611681290346245,0.8879201673421244,0.34154588742156894
square_site,48,0.37,0.3717312282986111,0.03811664418403237,0.3208107321489301,7.332239638556284,0.0,0.6791892678510699,0.6925419604475411,0.17485012759407936,0.7207022191187927,-0.03122590517413354
square_site,48,0.38,0.3794759114583333,0.037013388724635485,0.3113187373080418,7.660615438647363,0.0,0.6886812626919582,0.6907946487663752,0.18053085728583831,0.554304288013944,0.1510905174491392
square_site,48,0.39,0.3867730034722222,0.04113845453301516,0.29971925636475993,8.487419962381182,0.0,0.7002807436352401,0.6864922598369821,0.18593621335435825,0.7942360322886872,0.624465470802448
square_site,48,0.4,0.4007975260416667,0.049502698140684455,0.277317271111557,9.591068311306438,0.0,0.722682728888443,0.6781147971532238,0.19641557793161207,0.8496520956294317,0.2537646855507719
square_site,48,0.41,0.4093831380208333,0.046213748244030586,0.2653917066991299,10.501290087521697,0.0,0.7346082933008701,0.6747748447199633,0.20292925526694686,0.7695465769539057,0.14587906776101353
square_site,48,0.42,0.4211968315972222,0.05242027949590472,0.24377408848899054,11.530508822445803,0.0,0.7562259115110095,0.6649709200862127,0.21180650947069016,0.6976567969633578,0.6292303315384198
square_site,48,0.43,0.4275716145833333,0.058798354874798994,0.23880194993019227,12.392462272726945,0.0,0.7611980500698077,0.6663735645135256,0.21688239120621403,0.730460834885658,0.4788200058800671
square_site,48,0.44,0.4397243923611111,0.06199667961350607,0.2227108088973448,14.57322966459198,0.0,0.7772891911026552,0.662435201258456,0.22641572616840333,0.8765993178476766,0.4969985594610943
square_site,48,0.45,0.4500054253472222,0.06873832606402089,0.20633598329583702,15.90607684631352,0.0,0.793664016704163,0.6563414086430592,0.23441437756316758,0.8144623129736204,0.5587125260149169
square_site,48,0.46,0.4599473741319444,0.07317093013380442,0.1980422187867037,17.352216074250446,0.0,0.8019577812132963,0.6579895929186481,0.24270497242787575,0.7524579785848543,-0.09961953214855607
square_site,48,0.47,0.4681125217013889,0.06674593542104977,0.18896986679139463,18.032765086147982,0.0,0.8110301332086054,0.6570823884927834,0.24946353713486463,0.8731409018448255,1.8685813779425804
square_site,48,0.48,0.4814995659722222,0.11054255769265596,0.16769669231666362,23.935316113572828,0.0,0.8323033076833364,0.6491962582888858,0.26016779046477223,0.8715924883209928,1.7271437151544422
square_site,48,0.49,0.4895562065972222,0.10128880972413865,0.15767092686056744,24.633385777702692,0.0,0.8423290731394326,0.6472271334577896,0.2668953869012845,0.807668102974831,-0.4541436916452836
square_site,48,0.5,0.5001356336805556,0.10145968385975028,0.1493871784353008,28.84649116176589,0.0,0.8506128215646992,0.6495228121158564,0.27632115252426886,0.9620249094324231,1.360308613083819
square_site,48,0.51,0.5118950737847222,0.12849498198581505,0.13232522720476456,35.00546530513962,0.0,0.8676747727952354,0.6442203009894868,0.286135885089933,0.8442474290887534,2.985463816025922
square_site,48,0.52,0.5201009114583334,0.16116896018026877,0.12193170738643715,42.80243049109426,0.03125,0.8780682926135629,0.6420326188447705,0.29320610110604395,0.7774834050559114,2.540189903770074
square_site,48,0.53,0.5292426215277778,0.17929878006121658,0.11449387516583347,46.24531087697131,0.0,0.8855061248341666,0.6437364966936112,0.3016855531910512,1.0693409213879475,4.228752711964549
square_site,48,0.54,0.5433213975694444,0.24574401441955981,0.1001123890667652,57.066454283966095,0.15625,0.8998876109332348,0.6434337866362096,0.3145929195338029,0.954297689720556,2.818355524699874
square_site,48,0.55,0.5496283637152778,0.2356658905552141,0.09587323401597632,64.44218935877981,0.125,0.9041267659840236,0.6455015977312542,0.32077150698546236,0.76743809554135,1.1443793217668423
square_site,48,0.56,0.5594482421875,0.2686316008548967,0.08534238198751168,76.04015638169629,0.25,0.9146576180124883,0.6447906241750117,0.32994168144462993,0.8767233067552879,4.753245495363771
square_site,48,0.57,0.5679796006944444,0.3307308004624891,0.07813522800430059,79.7632579811043,0.3125,0.9218647719956994,0.646114828698745,0.33830597312056804,1.0992477467538837,6.29939518878387
square_site,48,0.58,0.581325954861111,0.3946195046305735,0.06876009752809546,104.56515355302818,0.5,0.9312399024719046,0.6500860523892065,0.3519266363797075,1.1092431547434547,6.908693850130917
square_site,48,0.59,0.5894775390625,0.46890467746510756,0.06360405036286147,78.92470689252711,0.59375,0.9363959496371386,0.6530815894253614,0.36049083621543715,1.054030132875471,8.27446053792402
square_site,48,0.6,0.6015760633680556,0.560108715389054,0.053570387316293225,98.24703484871797,0.71875,0.9464296126837067,0.6551464506843488,0.37300723903721694,1.0329324824177413,10.145275944098394
square_site,48,0.61,0.6091172960069444,0.6718101963470756,0.04856074170314134,74.88928863231023,0.9375,0.9514392582968587,0.6576780377100857,0.381149485863792,0.8181908894300947,7.012329681359757
square_site,48,0.62,0.6165093315972222,0.7003553090162493,0.044429544847765054,69.29610309546602,0.9375,0.9555704551522349,0.6609388764449873,0.38937105682581885,1.2255040773106118,3.2976941669201145
square_site,48,0.63,0.6305745442708334,0.737764079685478,0.03850756295486766,80.35134363101618,0.96875,0.9614924370451323,0.669082107225701,0.40565956741000425,1.1434051357729225,6.844576189661594
square_site,48,0.64,0.6363118489583334,0.8372468328094813,0.03514029081028173,38.387772973945225,1.0,0.9648597091897183,0.6714521397686151,0.4122391595412773,1.1352298944344907,6.460248266716184
square_site,48,0.65,0.64990234375,0.8669690450198018,0.028680741967840935,35.63417049591592,1.0,0.971319258032159,0.678583085717841,0.4283641652986941,1.400900407779869,2.4710385134812918
square_site,48,0.66,0.6595323350694444,0.8866676030791072,0.025380189030581046,45.337880166412496,1.0,0.974619810969419,0.6849125241000255,0.44025716769687473,1.41887569731234,3.6380905869627966
square_site,48,0.67,0.6724853515625,0.9397308567590578,0.021922083560629847,14.265387374213939,1.0,0.9780779164393701,0.6944074351231299,0.4567416792449409,1.410424434397463,2.6381130754598834
square_site,48,0.68,0.6815863715277778,0.9394298645883049,0.01914775945604747,24.937048519924275,1.0,0.9808522405439525,0.7007341309838253,0.468465656384824,1.0548511105111174,0.5775590675889146
square_site,48,0.69,0.6886935763888888,0.951282038110836,0.017494029543784137,16.01301988723128,1.0,0.9825059704562159,0.7061876059326729,0.47783870145516316,1.1700487746412414,1.0604441860606932
square_site,48,0.7,0.6992458767361112,0.9606387483095187,0.01460258698190986,14.180458334396855,1.0,0.9853974130180901,0.713848463718021,0.49186663187764873,1.58653129719432,1.1350287998152175
square_site,48,0.71,0.7121310763888888,0.9739826141071404,0.012432830452505391,6.020373643549653,1.0,0.9875671695474946,0.7245639068413943,0.5095693273990496,1.4980795519835959,0.8764501993389676
square_site,48,0.72,0.7208794487847222,0.978167752296298,0.011188614971918231,6.756285849576041,1.0,0.9888113850280817,0.7320680637566405,0.5218282229173207,1.4122591578618935,0.5029604660629623
square_site,48,0.73,0.732177734375,0.9840418234283996,0.009135331960946454,3.8689125615181004,1.0,0.9908646680390536,0.7413130663359464,0.5378145105562875,1.4142595947838885,0.48843999999426635
square_site,48,0.74,0.7407633463541666,0.9879365522961834,0.00741435680693591,3.3365010821127465,1.0,0.9925856431930641,0.7481777031611025,0.5501134148129985,1.186123064039506,0.23836046952548906
square_site,48,0.75,0.7484673394097222,0.9888090328189094,0.007295333453985591,2.8247123796622464,1.0,0.9927046665460144,0.7557626728637078,0.5615369718370776,nan,nan
triangular_site,16,0.35,0.3558349609375,0.2389518326513358,0.2523864004198657,6.54227858995616,0.0,0.7476135995801343,0.6082213613573657,0.16180333816000086,nan,nan
triangular_site,16,0.36,0.365234375,0.2731606120596076,0.23461802291746206,6.809238072054963,0.0625,0.765381977082538,0.599852397917462,0.16768502357337634,0.5825434506838223,0.8536137527620633
triangular_site,16,0.37,0.3748779296875,0.2560241077065771,0.21317712798214564,8.172996028523391,0.03125,0.7868228720178544,0.5880550576696456,0.17345420717367732,0.5401180825370717,0.9004950698487716
triangular_site,16,0.38,0.381591796875,0.29117051345658307,0.21196892094403808,7.826412469843201,0.09375,0.7880310790559619,0.5935607178190381,0.17848738522411778,0.42877971793130426,1.003235959680689
triangular_site,16,0.39,0.3875732421875,0.2760888269001909,0.19816560454295135,9.064386540630112,0.0625,0.8018343954570486,0.5857388467304514,0.18202980153230341,0.6144671288448736,2.6667548882029326
triangular_site,16,0.4,0.401123046875,0.34450561122064177,0.1762315384531873,9.558125109045333,0.21875,0.8237684615468127,0.5773545853281873,0.19077672780101526,0.9191487673455835,1.9723815230576378
triangular_site,16,0.41,0.413330078125,0.31553645736134356,0.17291055590056367,9.708207308080723,0.09375,0.8270894440994363,0.5862406340255637,0.20041277687921505,0.8063826489815435,2.0748824294411423
triangular_site,16,0.42,0.4228515625,0.38600325980946454,0.1588850347534497,9.493215150218203,0.28125,0.8411149652465503,0.5817365972534497,0.2069043807806461,0.5073521345511931,1.8491693709455455
triangular_site,16,0.43,0.426513671875,0.3525198447802545,0.16402921385016744,10.302088619468147,0.125,0.8359707861498326,0.5905428857251674,0.21055981957023892,0.7216344005432009,-1.6700615183352931
triangular_site,16,0.44,0.4410400390625,0.35260202944275865,0.14796364182505894,12.221613023701085,0.1875,0.852036358174941,0.589003680887559,0.22133706879151013,1.0536235637644071,5.118980992899672
triangular_site,16,0.45,0.455322265625,0.45489946463824804,0.12822404600624407,13.126284573955667,0.40625,0.871775953993756,0.583546311631244,0.23163229084552708,0.8137412717381768,2.696649649912303
triangular_site,16,0.46,0.4632568359375,0.40653502244100476,0.11882549560351996,16.082008591280555,0.40625,0.88117450439648,0.58208233154102,0.23761189422627368,0.722442896365913,1.51121346327599
triangular_site,16,0.47,0.4749755859375,0.4851237339037678,0.10190075196894159,13.212219839320015,0.65625,0.8980992480310585,0.5768763379064415,0.24608114877284532,0.40315645007102047,2.667975761225732
triangular_site,16,0.48,0.473388671875,0.4598945376655193,0.10920349163162545,14.893579346503536,0.46875,0.8907965083683745,0.5825921635066255,0.24567502322769408,0.6270455329683866,3.116733943015887
triangular_site,16,0.49,0.4892578125,0.5474584127640856,0.09452510574212773,13.27109627026049,0.59375,0.9054748942578723,0.5837829182421277,0.25862205943221306,1.1147666771442402,6.72373484124911
triangular_site,16,0.5,0.5001220703125,0.5943692344905016,0.08628794626300407,12.70333461777693,0.625,0.9137120537369959,0.5864100165755041,0.2679703567705789,0.8203567699398471,0.337612907992407
triangular_site,16,0.51,0.508056640625,0.5542106709239337,0.08097770258183848,15.489091103212111,0.6875,0.9190222974181615,0.5890343432068385,0.27502919483101,0.7842332083359764,1.142282940389493
triangular_site,16,0.52,0.517822265625,0.6172148932982915,0.07327471982782979,16.668998515399334,0.6875,0.9267252801721702,0.5910969854528298,0.28365502093729844,0.7943135438105396,5.062677811110184
triangular_site,16,0.53,0.5260009765625,0.6554642271461375,0.06641362614281923,13.792856948832926,0.78125,0.9335863738571808,0.5924146027053192,0.2909154657072208,1.45195915190222,4.984739189434352
triangular_site,16,0.54,0.5487060546875,0.7169096770869786,0.05317381710890251,14.639307726272776,0.8125,0.9468261828910975,0.6018798717964025,0.31269420397534287,1.133833710815706,3.514755142979428
triangular_site,16,0.55,0.5496826171875,0.7257593300057261,0.05229366973744828,13.095940324589213,0.90625,0.9477063302625517,0.6019762869249483,0.31359213992353496,-0.08691425014138157,-0.11197242616585713
triangular_site,16,0.56,0.5472412109375,0.7146702285636615,0.05241319156893875,14.896722147059915,0.9375,0.9475868084310612,0.5996544025064388,0.31095591897251523,0.4056163846820162,3.643699737742695
triangular_site,16,0.57,0.5577392578125,0.7986333247605797,0.04839627654118597,11.132121550840084,1.0,0.951603723458814,0.606135534353686,0.32170446761717525,1.4583342355863906,6.43671494462247
triangular_site,16,0.58,0.576171875,0.8434045274561103,0.03651463306296034,8.269165490072595,0.96875,0.9634853669370397,0.6126865080629603,0.3401226036842429,2.2028512553661654,2.373549727220834
triangular_site,16,0.59,0.5989990234375,0.8461043193049964,0.031449355360039115,11.488380377799828,0.9375,0.9685506446399609,0.6304483787975391,0.3657614927244986,1.4784582616063011,1.9384850772536415
triangular_site,16,0.6,0.6031494140625,0.8821742290011831,0.026418385344637897,9.677417292459666,0.96875,0.9735816146553621,0.6295677994071379,0.36969176891636896,0.2645914886595183,1.509262612265315
triangular_site,16,0.61,0.6038818359375,0.8762895715503027,0.02875953925386456,9.906592247313167,1.0,0.9712404607461355,0.6326413751913645,0.37105332249768896,0.9137173583388772,0.8683549730797983
triangular_site,16,0.62,0.618408203125,0.8995413284627791,0.025119169867636435,9.561009881903837,1.0,0.9748808301323636,0.6435273729926364,0.3879661160831465,1.5650500297077639,3.486285575334244
triangular_site,16,0.63,0.6300048828125,0.9460152830569877,0.025071720556020527,3.377210947741554,1.0,0.9749282794439795,0.6550766033685205,0.40235432309184427,1.233178179166396,2.328565693633992
triangular_site,16,0.64,0.638916015625,0.946112642335459,0.02028065205918255,5.614075665272474,1.0,0.9797193479408175,0.6591966676841825,0.41262967966647446,1.38118393325911,0.7791523557167939
triangular_site,16,0.65,0.65283203125,0.9615983301713236,0.017608132605536033,4.222313988095238,1.0,0.9823918673944639,0.6704401638555361,0.4299780017570265,0.7928337269306633,-0.395795091550882
triangular_site,16,0.66,0.6514892578125,0.9381967405044414,0.018848412333292923,5.873801901858305,1.0,0.9811515876667071,0.6703376701457929,0.42848635420508774,1.8306406642834072,0.4797142811302497
triangular_site,16,0.67,0.680908203125,0.9711926157939286,0.014234696119227478,3.348276286729267,1.0,0.9857653038807725,0.6951428992442275,0.4665908150426947,1.6518544395747417,1.6219203051474826
triangular_site,16,0.68,0.67724609375,0.970635146607391,0.01366843493651652,3.2248513766044256,1.0,0.9863315650634835,0.6909145286865165,0.4615234429965826,1.1973683411108993,0.19163581068834068
triangular_site,16,0.69,0.6986083984375,0.9750253320076954,0.012301846751751045,3.435543909592823,1.0,0.987698153248249,0.710910245189251,0.49053818186491255,1.272950768075715,0.18936966742861916
triangular_site,16,0.7,0.696044921875,0.9744225399559634,0.01233581519952854,2.9145739064856713,1.0,0.9876641848004715,0.7083807370745285,0.4869824583580968,1.0112015081450783,0.48457736798654905
triangular_site,16,0.71,0.713134765625,0.9847168793674264,0.011196021822185136,1.9460996240601505,1.0,0.9888039781778148,0.7243307874471852,0.5107622120278141,1.2658369352535075,0.5959850547001871
triangular_site,16,0.72,0.71435546875,0.9863422410499671,0.010139084752635944,1.9635416666666667,1.0,0.9898609152473641,0.7244945535026359,0.512299197063167,2.2404469237186846,0.3277012695002965
triangular_site,16,0.73,0.7442626953125,0.9912709047574323,0.008951713648323145,1.1218253968253968,1.0,0.9910482863516769,0.7532144089608231,0.5555711505021879,2.40621104501653,0.23383726152205722
triangular_site,16,0.74,0.74755859375,0.9910189862804083,0.008667742366028871,1.5,1.0,0.9913322576339711,0.7562263361160289,0.5604234179634976,0.4314847036935128,0.29747694477539305
triangular_site,16,0.75,0.750244140625,0.9972204436529402,0.0073379606066524645,0.4114583333333333,1.0,0.9926620393933475,0.7575821012316525,0.5642008445760581,nan,nan
triangular_site,24,0.35,0.3461371527777778,0.140209574132403,0.2401885673405784,8.158247051166367,0.0,0.7598114326594216,0.5863257201183562,0.15420305810027593,nan,nan
triangular_site,24,0.36,0.3626844618055556,0.1630903561861481,0.2202034860775932,10.108273545294528,0.0,0.7797965139224068,0.5828879478831488,0.1648524154508548,0.7902063314248204,1.6201879036280773
triangular_site,24,0.37,0.3707139756944444,0.17261333220496458,0.2091903906080913,10.128716820284689,0.0,0.7908096093919087,0.5799043663025357,0.17000718472877235,0.4809367391074705,-0.4419289003166817
triangular_site,24,0.38,0.3772786458333333,0.15425177817981445,0.20283546991451662,10.226176808564722,0.0,0.7971645300854834,0.58011411574785,0.17447115023300422,0.5327471366491846,0.15070390712227918
triangular_site,24,0.39,0.3869900173611111,0.17562741034741017,0.18777806836401,12.512244296601134,0.0,0.81222193163599,0.5747680857251212,0.18066212746175606,0.7905053000833128,4.453937136218523
triangular_site,24,0.4,0.4020724826388889,0.243330520904185,0.16405385197661299,13.137378142753253,0.125,0.835946148023387,0.5661263346155019,0.1902812562346705,0.9088301742105568,3.5029351604944368
triangular_site,24,0.41,0.4139539930555556,0.24568611355729877,0.1534654715803019,15.588045608261977,0.09375,0.8465345284196981,0.5674194646358575,0.19883873094596716,0.7587565658074378,0.8277965801123737
triangular_site,24,0.42,0.42333984375,0.25988645250643244,0.1428945524980163,16.08863992215721,0.0625,0.8571054475019837,0.5662343962480163,0.20545638755081921,0.6275242327486935,1.6545960483685256
triangular_site,24,0.43,0.4315321180555556,0.2787780345246693,0.1343552624621391,17.026746841466647,0.15625,0.8656447375378609,0.5658873805176947,0.21138921560094104,0.659902496699854,2.0311742553251113
triangular_site,24,0.44,0.4412434895833333,0.3005099376129347,0.1252541115298471,19.123450529432017,0.15625,0.8747458884701529,0.5664976011131804,0.2186544374848163,0.7766893805027896,2.7945024372870444
triangular_site,24,0.45,0.4529079861111111,0.33466808327041025,0.11014511595187833,24.022750867403797,0.28125,0.8898548840481216,0.5630531020629894,0.22692300321099684,0.8077925445222685,3.403733972104669
triangular_site,24,0.46,0.4630533854166667,0.36858461705502815,0.1010214619729542,21.9537349086708,0.3125,0.8989785380270459,0.5640748473896209,0.2348102883752617,0.5384399961141771,5.729238968258296
triangular_site,24,0.47,0.4671766493055556,0.44925286263557596,0.09503997186599593,18.76937108161367,0.5,0.9049600281340041,0.5622166211715515,0.23769180313328037,0.702198158527055,4.405958147248001
triangular_site,24,0.48,0.48095703125,0.456703779999988,0.08375543527821722,26.089215423679935,0.59375,0.9162445647217827,0.5647124665282173,0.24885425154580276,1.053402625750515,3.246226328541155
triangular_site,24,0.49,0.4927300347222222,0.5141773892063991,0.07501442309918716,24.37522998912401,0.65625,0.9249855769008128,0.5677444578214094,0.2587598556482907,0.7038594324702712,7.231078183974353
triangular_site,24,0.5,0.4978841145833333,0.6013253436794752,0.06990459198499359,21.33850275411394,0.625,0.9300954080150065,0.5677887065683269,0.2629314401952082,0.8078791817938379,6.472423058035432
triangular_site,24,0.51,0.5119900173611112,0.6436258503671078,0.05807527265423364,24.387011980969508,0.84375,0.9419247273457664,0.5700652900153448,0.27491743928416745,1.2823580861215311,4.169464156196924
triangular_site,24,0.52,0.5264214409722222,0.6847146268034138,0.05158317118689846,26.73593935192332,0.90625,0.9484168288131015,0.5780046121591207,0.28857860191763884,0.9505248805635932,2.2601959270212393
triangular_site,24,0.53,0.5324435763888888,0.6888297689075327,0.046535084305692226,29.33906043800339,0.875,0.9534649156943078,0.578978660694581,0.29392793689543933,0.49492982389066587,2.7275514681506885
triangular_site,24,0.54,0.5372178819444444,0.7392656561664276,0.043876602682501514,23.024520278244502,0.90625,0.9561233973174985,0.5810944846269459,0.29847719839545217,0.8643384860394641,5.340598163453903
triangular_site,24,0.55,0.5505642361111112,0.7956417321766108,0.035516038111707296,22.402049676018542,0.90625,0.9644839618882927,0.5860802742228185,0.31121470661622863,1.0807377835715328,3.1521983455528617
triangular_site,24,0.56,0.5590277777777778,0.8023096230774849,0.03325616302658761,22.594791702816675,0.96875,0.9667438369734124,0.5922839408043654,0.32009195406688284,0.8219546631538049,1.0578088362575226
triangular_site,24,0.57,0.5658637152777778,0.8167979089017612,0.03281497021598443,19.096957179195492,1.0,0.9671850297840155,0.5986786854937622,0.32765379987930465,1.5539639755461176,4.361468573039488
triangular_site,24,0.58,0.5882703993055556,0.8895389945382742,0.022302157516259025,16.172286739679688,1.0,0.977697842483741,0.6105725568218145,0.35117123357780505,1.3167794780540159,3.788141974039829
triangular_site,24,0.59,0.5905490451388888,0.8925607483825578,0.02296364038532453,17.17908902130001,1.0,0.9770363596146755,0.6135126855242133,0.353989389440385,0.3673772058307375,0.4065730220653648
triangular_site,24,0.6,0.5944010416666666,0.8976704549795815,0.022885804016435578,14.172993384231027,0.96875,0.9771141959835644,0.6172868456831022,0.3585187776944198,1.0419327582718925,0.6518291617372823
triangular_site,24,0.61,0.6087239583333334,0.9055973316173035,0.01889555906639656,15.809665325681047,1.0,0.9811044409336034,0.62761951739973,0.37482804460582286,1.0625388587186386,1.7462849208706372
triangular_site,24,0.62,0.6131727430555556,0.9325961533969943,0.016693745513585424,12.877317273268671,1.0,0.9833062544864146,0.629866488569141,0.3797695548687926,1.1249940942924492,2.729580596924872
triangular_site,24,0.63,0.6276584201388888,0.960188943555801,0.015039596923688996,5.168150246693387,1.0,0.984960403076311,0.6426980170625778,0.39732792649167187,2.0332582716109417,1.610789079907514
triangular_site,24,0.64,0.6462673611111112,0.9648119349951446,0.012578269352353068,6.4204172640377415,1.0,0.9874217306476469,0.6588456304634642,0.4204347203010115,1.9125939449372753,0.707516139685082
triangular_site,24,0.65,0.6582573784722222,0.9743392663495026,0.01044117831945726,4.907860713313217,1.0,0.9895588216805428,0.6686985567916794,0.4355798053904174,0.6808345152775197,0.5613536881979404
triangular_site,24,0.66,0.6570095486111112,0.9760390087591034,0.010955120068250111,3.815390005663275,1.0,0.9890448799317499,0.6679646686793612,0.4340514106065619,0.7694455534737126,0.251585312051261
triangular_site,24,0.67,0.670193142361111,0.9793709725905279,0.008402236450169385,4.064844752634206,1.0,0.9915977635498306,0.6785953788112804,0.45096871645989167,1.5142988163807227,0.1564116379413892
triangular_site,24,0.68,0.6801215277777778,0.9791672415179312,0.008364159836135966,5.119635701343675,1.0,0.9916358401638641,0.6884856876139137,0.46433738693417637,1.2013908354054443,0.4750471300052761
triangular_site,24,0.69,0.6880425347222222,0.9888719151906333,0.007612150842462101,2.281340579710145,1.0,0.9923878491575379,0.6956546855646843,0.47499653316800045,1.0668726564734992,0.6241787206901301
triangular_site,24,0.7,0.6960177951388888,0.9916508159317338,0.00594914602380879,2.2708333333333335,1.0,0.9940508539761912,0.7019669411626976,0.48567484006364625,1.681334876152403,0.2044159621751638
triangular_site,24,0.71,0.71240234375,0.9929602344341366,0.0055041241025650944,2.231845238095238,1.0,0.9944958758974349,0.7179064678525651,0.5086232306910485,1.9781266460809892,0.052002150462371284
triangular_site,24,0.72,0.7239583333333334,0.9926908589409812,0.005731961756360376,2.0830334595959594,1.0,0.9942680382436396,0.7296902950896937,0.5252373729852661,1.0158728583068646,0.019380980393729468
triangular_site,24,0.73,0.7265082465277778,0.9933478540420112,0.00579195910040324,1.659280303030303,1.0,0.9942080408995968,0.732300205628181,0.5289406878571858,1.173080174421569,0.14354668149696423
triangular_site,24,0.74,0.7401801215277778,0.9955617925709205,0.004402769759321602,1.4463541666666666,1.0,0.9955972302406784,0.7445828912870994,0.5486989764736975,1.6890461795024831,0.13519426081032837
triangular_site,24,0.75,0.7496202256944444,0.9960517392582178,0.004288542227606096,1.1462053571428572,1.0,0.9957114577723939,0.7539087679220505,0.5627216114472355,nan,nan
triangular_site,32,0.35,0.34918212890625,0.10514407966474794,0.2262448547757059,10.16225629463022,0.0,0.7737551452242941,0.5754269836819559,0.15546970767378138,nan,nan
triangular_site,32,0.36,0.355438232421875,0.10277574598278806,0.22076674310277922,10.592427110928732,0.0,0.7792332568972208,0.5762049755246542,0.15959108381594544,0.8814455124594173,2.4947796064387893
triangular_site,32,0.37,0.37725830078125,0.15503967179352376,0.18736702820099943,12.700445522968367,0.0,0.8126329717990006,0.5646253289822494,0.17309861792296974,0.6774358936692656,1.5261248379219945
triangular_site,32,0.38,0.377288818359375,0.13329824274122798,0.18755769289114022,12.781581779664998,0.03125,0.8124423071088598,0.5648465112505152,0.17313980168933077,0.4809059602613695,0.43093480751749086
triangular_site,32,0.39,0.39215087890625,0.1636583679438736,0.16759324304318496,15.101079265076894,0.0,0.832406756956815,0.559744121949435,0.18271673712819714,0.6477677711225379,1.020152161505578
triangular_site,32,0.4,0.396881103515625,0.15370128597133956,0.16399043953441608,16.117928582415495,0.0,0.836009560465584,0.560871543050041,0.18609515711178154,0.690776552186481,0.8078189419876259
triangular_site,32,0.41,0.4122314453125,0.17981474678362608,0.14607640891523554,19.49439409338266,0.03125,0.8539235910847645,0.5583078542277355,0.19653226817192673,0.8823800767224586,2.8155989954228366
triangular_site,32,0.42,0.42340087890625,0.21001326587979618,0.12920151560743723,24.083559739230058,0.03125,0.8707984843925628,0.5526023945136872,0.20374275864623068,0.6901924221258662,3.426169506795072
triangular_site,32,0.43,0.43194580078125,0.24833813691952758,0.12381804267686551,23.086982486659085,0.09375,0.8761819573231345,0.5557638434581155,0.21033611661444407,0.662854549322,1.7837538625516263
triangular_site,32,0.44,0.442108154296875,0.24568834313082874,0.10839036378740904,29.421959234303845,0.03125,0.8916096362125909,0.5504985180842841,0.2169998496326707,0.639220595830304,1.7015861974256972
triangular_site,32,0.45,0.450469970703125,0.28236986086804156,0.09966597207582108,32.629266952708015,0.15625,0.9003340279241789,0.5501359427789461,0.22312052853105016,0.6036323277978395,3.483208668146527
triangular_site,32,0.46,0.45855712890625,0.31535251649375934,0.09100886327888806,36.778692753091775,0.25,0.908991136721112,0.549565992185138,0.2290724961886275,0.7137668537421856,4.735348926863284
triangular_site,32,0.47,0.469085693359375,0.37707683940530706,0.08250604265951446,31.312131154162273,0.40625,0.9174939573404856,0.5515917360188894,0.23739586560589385,0.8610780417932579,3.4693232377973597
triangular_site,32,0.48,0.480010986328125,0.3847389812497064,0.07423322169022455,44.190387104510954,0.59375,0.9257667783097755,0.5542442080183495,0.2462940570244926,0.7357816611572179,3.7984582856969284
triangular_site,32,0.49,0.486724853515625,0.4530460051192457,0.07059375760168003,37.91678179976621,0.65625,0.9294062423983199,0.5573186111173051,0.2521114988290382,0.8056023420176951,6.5294791521584905
triangular_site,32,0.5,0.499053955078125,0.5153285642928763,0.06077956424589162,48.22119444487809,0.65625,0.9392204357541084,0.5598335193240166,0.26240610386484653,0.9517177075015112,7.543281313868956
triangular_site,32,0.51,0.508880615234375,0.603911631396625,0.054897286165078926,40.63760600001136,0.875,0.9451027138349211,0.5637779013994539,0.27114585297906846,0.852837084242932,6.496700251528781
triangular_site,32,0.52,0.518768310546875,0.645262569323452,0.04578321787643555,37.73096570566607,0.875,0.9542167821235644,0.5645515284233106,0.2794628455497052,1.0652314905840583,3.7119500360704407
triangular_site,32,0.53,0.53167724609375,0.6781506321180338,0.04322647223965439,37.3212627070214,0.90625,0.9567735277603456,0.5749037183334044,0.29245048279074964,1.302415028768238,5.088609207656082
triangular_site,32,0.54,0.5460205078125,0.7470347534765738,0.03199834957224735,38.47494718147774,0.96875,0.9680016504277527,0.5780188573847473,0.30551114612506997,0.8273436608608429,5.4811070335100025
triangular_site,32,0.55,0.54901123046875,0.787772772788234,0.03305284229164655,35.08741493178857,1.0,0.9669471577083535,0.5820640727603965,0.3089973560079665,0.7180731348732116,4.125352058400324
triangular_site,32,0.56,0.560089111328125,0.8295417946445803,0.0266699019268967,32.39053466506699,1.0,0.9733300980731033,0.5867590132550217,0.3198726088225342,1.1225436281159293,2.708155273340086
triangular_site,32,0.57,0.57086181640625,0.8419358782550355,0.024065942361837844,32.18244778150186,1.0,0.9759340576381621,0.5949277587680879,0.331448228570285,0.9672617791276612,2.1798918492601285
triangular_site,32,0.58,0.5780029296875,0.8731396316297827,0.022201812535137307,21.723777704532452,1.0,0.9777981874648627,0.6002047422226373,0.33921784440508734,1.0142511324855432,2.2147595917521894
triangular_site,32,0.59,0.589508056640625,0.8862310700900793,0.018220786617846187,29.649351217343302,1.0,0.9817792133821538,0.6077288432584712,0.3517332512199959,1.187733795366096,2.4433287446380882
triangular_site,32,0.6,0.599456787109375,0.9220062065225445,0.015709669886325415,18.569046811507867,1.0,0.9842903301136746,0.6151664569957004,0.3629725203124093,1.123416581933089,3.0626333290129786
triangular_site,32,0.61,0.608978271484375,0.9474837366703389,0.014601139036418883,11.681225828878002,1.0,0.9853988609635811,0.6235794105207939,0.3742015828586577,1.2578447396909487,1.6625623548991648
triangular_site,32,0.62,0.62066650390625,0.9552574536205278,0.012757050279783575,9.83857707811481,1.0,0.9872429497202164,0.6334235541860336,0.3881294151062283,1.4243882593954746,1.227533331130658
triangular_site,32,0.63,0.632568359375,0.9720344032929521,0.011304501043564045,5.7896438935977965,1.0,0.9886954989564359,0.6438728604185641,0.4026893480465672,1.2620541521012318,1.0187682326457106
triangular_site,32,0.64,0.64141845703125,0.9756328182734421,0.008701841339519253,7.283285674817937,1.0,0.9912981586604808,0.6501202983707692,0.41337049814825294,0.8041904126313747,0.20031609194425798
triangular_site,32,0.65,0.6455078125,0.9760407251318373,0.009394827260656834,6.038540501696123,1.0,0.9906051727393431,0.6549026397606569,0.4187731562991947,1.5216225189149155,0.2804132693440984
triangular_site,32,0.66,0.66497802734375,0.981241083660324,0.007376507937446344,5.70408015160579,1.0,0.9926234920625536,0.6723545352811964,0.4438029485265513,1.6010106625499774,0.4830859879505873
triangular_site,32,0.67,0.67041015625,0.985702444890849,0.0061972168516284945,4.886202846734834,1.0,0.9938027831483716,0.6766073731016284,0.4507933695501943,0.8441123332727222,0.4498909943871528
triangular_site,32,0.68,0.6778564453125,0.9902389035480671,0.005572658771070738,3.2495608660130717,1.0,0.9944273412289293,0.6834291040835707,0.46068519519200574,1.4833973200777937,0.153708735479758
triangular_site,32,0.69,0.6923828125,0.9887766196004442,0.005095739467482586,3.733898585562988,1.0,0.9949042605325175,0.6974785519674825,0.48046131595175,1.4673538160526118,0.15648231780919303
triangular_site,32,0.7,0.69940185546875,0.9933685499042509,0.004193395013414481,2.774407679738562,1.0,0.9958066049865855,0.7035952504821645,0.49003227151305784,1.323489622248063,0.08483525205168478
triangular_site,32,0.71,0.711395263671875,0.9904733246414779,0.004190597392453848,4.422312776854928,1.0,0.9958094026075461,0.7155858610643289,0.5069311083967113,1.3246636925425315,0.11361878635441348
triangular_site,32,0.72,0.7181396484375,0.9956409256313392,0.004014342366851869,1.723809523809524,1.0,0.9959856576331482,0.7221539908043518,0.5165255453639085,1.3501006875868904,0.2890040490530818
triangular_site,32,0.73,0.730255126953125,0.9962534056225395,0.003396212346451624,1.6356284340659342,1.0,0.9966037876535484,0.7336513392995766,0.5339331221484491,1.5989779568372706,0.038220689992135536
triangular_site,32,0.74,0.740234375,0.9964053394311819,0.002935997454876963,1.8614903026427962,1.0,0.9970640025451231,0.7431703724548769,0.5485051045006539,1.3993485887193833,0.09247708162603
triangular_site,32,0.75,0.749298095703125,0.9981029472550601,0.0025408242785082704,0.8482142857142857,1.0,0.9974591757214917,0.7518389199816333,0.5619200939228368,nan,nan
triangular_site,48,0.35,0.3516574435763889,0.06376192861128849,0.21531252580163843,12.037772941294396,0.0,0.7846874741983616,0.5669699693780272,0.15645036871516724,nan,nan
triangular_site,48,0.36,0.3595648871527778,0.06692738434826112,0.2045197723583329,13.434999028592546,0.0,0.795480227641667,0.5640846595111108,0.16134330655783344,0.6246884489264979,0.6521220115314676
triangular_site,48,0.37,0.3718126085069444,0.07680436884191785,0.18725655254090806,15.710629460167253,0.0,0.812743447459092,0.5590691610478524,0.1689441376936972,0.6889976645824102,1.106786014527408
triangular_site,48,0.38,0.3817816840277778,0.0890631046388093,0.17261684337290456,17.818910121792445,0.0,0.8273831566270955,0.5543985274006823,0.17512325984948166,0.5927096765010681,1.1354953609626195
triangular_site,48,0.39,0.3908148871527778,0.09951427606117026,0.1597731212331085,19.838898608381164,0.0,0.8402268787668915,0.5505880083858863,0.18079833122371858,0.5258693004471635,0.31741761292161286
triangular_site,48,0.4,0.3982340494791667,0.09541145689724156,0.15053350757016298,22.127698457465005,0.0,0.849466492429837,0.5487675570493298,0.18564064585842494,0.6143625895672117,1.2776004547517916
triangular_site,48,0.41,0.4095052083333333,0.12506628515620605,0.13660703256315007,24.896762447956434,0.0,0.8633929674368499,0.5461122408964834,0.1930855830150628,0.80370531219226,1.9669135584224362
triangular_site,48,0.42,0.4218885633680556,0.13474972806569022,0.12377271322511746,33.05690164259318,0.0,0.8762272867748826,0.545661276593173,0.2017147521022701,0.7005982782974853,1.7723440372558934
triangular_site,48,0.43,0.4300808376736111,0.16051316590132395,0.11247445160491598,33.57560908442285,0.03125,0.887525548395084,0.542555289278527,0.2070975485810125,0.6320653503688136,2.1858268291918264
triangular_site,48,0.44,0.43994140625,0.17846626464952678,0.10362048910855365,40.99536415538729,0.0625,0.8963795108914463,0.5435618953585537,0.2143560591096464,0.7072413908446548,2.8365251665754725
triangular_site,48,0.45,0.4498291015625,0.21724366923283345,0.09160631215996794,49.67440993761639,0.0625,0.908393687840032,0.541435413722468,0.22124237639790562,0.6828328741809297,2.5669060591698534
triangular_site,48,0.46,0.4583875868055556,0.2298043858329239,0.08560313372804287,53.106833870397445,0.15625,0.9143968662719572,0.5439907205335984,0.228012716593265,0.8358321567392054,3.4938581075012807
triangular_site,48,0.47,0.4715847439236111,0.28712083138285893,0.07238474734803678,66.22797731877156,0.15625,0.9276152526519632,0.543969491271648,0.2379590195326897,1.0065467376675385,8.625240170649912
triangular_site,48,0.48,0.4840223524305556,0.4023091892459218,0.06328194770952429,72.31802496139161,0.5625,0.9367180522904757,0.5473043001400799,0.24814365134661573,0.7304508874158158,6.49746580537689
triangular_site,48,0.49,0.4897054036458333,0.41707014749039684,0.05753532324179309,84.16332549917927,0.5,0.9424646767582069,0.5472407268876265,0.252568037281006,0.5518668172236905,2.3066961187333708
triangular_site,48,0.5,0.4975179036458333,0.44844311162058925,0.0520127721161597,90.4858909482375,0.625,0.9479872278838403,0.5495306757619931,0.25918098769108955,0.9731785279205726,9.940645176552739
triangular_site,48,0.51,0.5120171440972222,0.6158830510214518,0.04335489813650956,89.54827417721522,0.84375,0.9566451018634904,0.5553720422337318,0.2720316078394175,0.9940625834470853,7.720871773348113
triangular_site,48,0.52,0.51953125,0.6028605470875517,0.03998091192949323,89.88944569198718,0.875,0.9600190880705067,0.5595121619294933,0.2790622393600313,0.8343344239843973,6.868904840857104
triangular_site,48,0.53,0.5299207899305556,0.753261147838594,0.03421262357582759,56.629582010460865,0.96875,0.9657873764241725,0.5641334135063831,0.28871829631910545,1.0744279060736708,8.280239668347182
triangular_site,48,0.54,0.5419921875,0.7684653404544954,0.029241004538566887,65.19465491316544,0.96875,0.9707589954614331,0.5712331920385669,0.3005507974815047,1.0246038544203742,5.01450441668982
triangular_site,48,0.55,0.5509440104166666,0.8535512361723905,0.024229592400492442,39.24070955640145,1.0,0.9757704075995075,0.5751736028171591,0.30921037340751295,0.971029305030154,5.504684837793328
triangular_site,48,0.56,0.5610894097222222,0.8785590372103621,0.022016822194257685,28.69815729305276,1.0,0.9779831778057423,0.5831062319164799,0.3199713835821078,1.1017988189740364,2.645869856245976
triangular_site,48,0.57,0.5715060763888888,0.9064686332973098,0.019811012133965952,24.700839793103537,1.0,0.980188987866034,0.5913170885228548,0.3312463497869936,0.9934986618957355,2.1262251962777468
triangular_site,48,0.58,0.5796576605902778,0.9210835411359168,0.01639252908329375,26.288229494290107,1.0,0.9836074709167062,0.5960501896735716,0.3398413568200224,1.0342429067273775,1.4154172316981226
triangular_site,48,0.59,0.59033203125,0.9347769779312722,0.014752642694310166,25.42215829731219,1.0,0.9852473573056898,0.6050846739443102,0.35193120792154114,1.148910229824328,1.8233486826629381
triangular_site,48,0.6,0.5999213324652778,0.9575505147891756,0.012533322057068514,11.947430354831827,1.0,0.9874666779429315,0.6124546545223463,0.362819561416509,1.0555424285081678,1.5266048316759027
triangular_site,48,0.61,0.6087646484375,0.9653090745647903,0.010562072632692413,12.043037403188896,1.0,0.9894379273673076,0.6193267210701924,0.3730420564917045,1.184620025226828,0.6187881245835242
triangular_site,48,0.62,0.6200222439236112,0.9699262772808461,0.009063498834884326,9.729975561475996,1.0,0.9909365011651157,0.6290857427584955,0.3865119619210456,1.2801295918859494,0.4719370337856461
triangular_site,48,0.63,0.6299099392361112,0.9747478152405032,0.008150005390330064,10.647344079911198,1.0,0.9918499946096699,0.6380599446264412,0.39864464832942353,1.149906538728997,0.6399362799709979
triangular_site,48,0.64,0.6387396918402778,0.9827250028802661,0.006719525149737413,6.319159429194842,1.0,0.9932804748502626,0.6454592169900152,0.40951009269562555,1.2355365792952617,0.5764439591903475
triangular_site,48,0.65,0.6496446397569444,0.9862766944243102,0.005886168824908059,5.9044547014419475,1.0,0.9941138311750919,0.6555308085818525,0.4233553799153288,1.4863104132081266,0.2714496337763048
triangular_site,48,0.66,0.6618923611111112,0.9881539955557922,0.005149241181051118,7.838859299061505,1.0,0.9948507588189489,0.6670416022921623,0.4392363009597881,1.3406381253037407,0.23260709985958286
triangular_site,48,0.67,0.6702338324652778,0.9909288364215019,0.004377865388676198,4.631229689068581,1.0,0.9956221346113238,0.674611697853954,0.4501681424214036,1.4240059353144778,0.23195730085465696
triangular_site,48,0.68,0.6833224826388888,0.9927931415728853,0.0036787342282344603,3.9444839247689294,1.0,0.9963212657717655,0.6870012168671233,0.4677164196660777,1.2603406299631528,0.1920347469023096
triangular_site,48,0.69,0.6889919704861112,0.994769531359548,0.003135081035752729,2.761600823693215,1.0,0.9968649189642472,0.6921270515218639,0.47537495502066657,1.3459741800637588,0.14461936364738648
triangular_site,48,0.7,0.7028944227430556,0.9956855288458331,0.0027810144263378874,2.774411525974026,1.0,0.9972189855736621,0.7056754371693935,0.49463590326735274,1.3921632029733526,0.04932592181673408
triangular_site,48,0.71,0.7090250651041666,0.9957560497958827,0.00245234763913659,3.287958787890853,1.0,0.9975476523608634,0.7114774127433032,0.5032182190801336,1.0200580613241963,0.03714857216849384
triangular_site,48,0.72,0.7173665364583334,0.9964285002892029,0.002098506525381394,3.284471128077331,1.0,0.9979014934746187,0.7194650429837147,0.5150370644938367,1.5885461704010992,0.045636506317542305
triangular_site,48,0.73,0.7311740451388888,0.9966687799222336,0.0019146384110427016,3.264170014170014,1.0,0.9980853615889573,0.7330886835499315,0.5349891424881557,1.6243431446856014,0.08845824701330099
triangular_site,48,0.74,0.7397325303819444,0.998197665229469,0.0016713240167270731,1.6394863816738816,1.0,0.9983286759832729,0.7414038543986715,0.5475239273875487,1.3380784276106161,0.08676086802548158
triangular_site,48,0.75,0.7493082682291666,0.9984039972827432,0.001541753656013002,1.4713541666666667,1.0,0.9984582463439869,0.7508500218851797,0.561750711040368,nan,nan
